This is pdfTeX, Version 3.141592653-2.6-1.40.27 (MiKTeX 25.4) (preloaded format=pdflatex 2026.5.9)  10 MAY 2026 17:33
entering extended mode
 restricted \write18 enabled.
 file:line:error style messages enabled.
 %&-line parsing enabled.
**c:/pessoal/mestrado/escrita/dissertacao/principal.tex
(c:/pessoal/mestrado/escrita/dissertacao/principal.tex
LaTeX2e <2024-11-01> patch level 2
L3 programming layer <2025-04-29>
(D:\miktex\tex/latex/base\book.cls
Document Class: book 2024/06/29 v1.4n Standard LaTeX document class
(D:\miktex\tex/latex/base\bk12.clo
File: bk12.clo 2024/06/29 v1.4n Standard LaTeX file (size option)
)
\c@part=\count272
\c@chapter=\count273
\c@section=\count274
\c@subsection=\count275
\c@subsubsection=\count276
\c@paragraph=\count277
\c@subparagraph=\count278
\c@figure=\count279
\c@table=\count280
\abovecaptionskip=\skip49
\belowcaptionskip=\skip50
\bibindent=\dimen146
) (estilo.sty (D:\miktex\tex/latex/psnfss\times.sty
Package: times 2020/03/25 PSNFSS-v9.3 (SPQR) 
) (D:\miktex\tex/latex/base\inputenc.sty
Package: inputenc 2024/02/08 v1.3d Input encoding file
\inpenc@prehook=\toks17
\inpenc@posthook=\toks18
) (D:\miktex\tex/latex/base\textcomp.sty
Package: textcomp 2024/04/24 v2.1b Standard LaTeX package
) (D:\miktex\tex/latex/base\fontenc.sty
Package: fontenc 2021/04/29 v2.0v Standard LaTeX package
LaTeX Font Info:    Trying to load font information for T1+ptm on input line 116.
 (D:\miktex\tex/latex/psnfss\t1ptm.fd
File: t1ptm.fd 2001/06/04 font definitions for T1/ptm.
)) (D:\miktex\tex/latex/listings\listings.sty (D:\miktex\tex/latex/graphics\keyval.sty
Package: keyval 2022/05/29 v1.15 key=value parser (DPC)
\KV@toks@=\toks19
)
\lst@mode=\count281
\lst@gtempboxa=\box53
\lst@token=\toks20
\lst@length=\count282
\lst@currlwidth=\dimen147
\lst@column=\count283
\lst@pos=\count284
\lst@lostspace=\dimen148
\lst@width=\dimen149
\lst@newlines=\count285
\lst@lineno=\count286
\lst@maxwidth=\dimen150
 (D:\miktex\tex/latex/listings\lstpatch.sty
File: lstpatch.sty 2024/09/23 1.10c (Carsten Heinz)
) (D:\miktex\tex/latex/listings\lstmisc.sty
File: lstmisc.sty 2024/09/23 1.10c (Carsten Heinz)
\c@lstnumber=\count287
\lst@skipnumbers=\count288
\lst@framebox=\box54
) (D:\miktex\tex/latex/listings\listings.cfg
File: listings.cfg 2024/09/23 1.10c listings configuration
))
Package: listings 2024/09/23 1.10c (Carsten Heinz)
 (D:\miktex\tex/latex/listings\lstlang1.sty
File: lstlang1.sty 2024/09/23 1.10c listings language file
) (D:\miktex\tex/latex/listings\lstmisc.sty
File: lstmisc.sty 2024/09/23 1.10c (Carsten Heinz)
) (D:\miktex\tex/latex/bbold\bbold.sty
Package: bbold 1994/04/06 Bbold symbol package
) (D:\miktex\tex/latex/doublestroke\dsfont.sty
Package: dsfont 1995/08/01 v0.1 Double stroke roman fonts
) (D:\miktex\tex/latex/amsmath\amsmath.sty
Package: amsmath 2024/11/05 v2.17t AMS math features
\@mathmargin=\skip51

For additional information on amsmath, use the `?' option.
(D:\miktex\tex/latex/amsmath\amstext.sty
Package: amstext 2021/08/26 v2.01 AMS text
 (D:\miktex\tex/latex/amsmath\amsgen.sty
File: amsgen.sty 1999/11/30 v2.0 generic functions
\@emptytoks=\toks21
\ex@=\dimen151
)) (D:\miktex\tex/latex/amsmath\amsbsy.sty
Package: amsbsy 1999/11/29 v1.2d Bold Symbols
\pmbraise@=\dimen152
) (D:\miktex\tex/latex/amsmath\amsopn.sty
Package: amsopn 2022/04/08 v2.04 operator names
)
\inf@bad=\count289
LaTeX Info: Redefining \frac on input line 233.
\uproot@=\count290
\leftroot@=\count291
LaTeX Info: Redefining \overline on input line 398.
LaTeX Info: Redefining \colon on input line 409.
\classnum@=\count292
\DOTSCASE@=\count293
LaTeX Info: Redefining \ldots on input line 495.
LaTeX Info: Redefining \dots on input line 498.
LaTeX Info: Redefining \cdots on input line 619.
\Mathstrutbox@=\box55
\strutbox@=\box56
LaTeX Info: Redefining \big on input line 721.
LaTeX Info: Redefining \Big on input line 722.
LaTeX Info: Redefining \bigg on input line 723.
LaTeX Info: Redefining \Bigg on input line 724.
\big@size=\dimen153
LaTeX Font Info:    Redeclaring font encoding OML on input line 742.
LaTeX Font Info:    Redeclaring font encoding OMS on input line 743.
\macc@depth=\count294
LaTeX Info: Redefining \bmod on input line 904.
LaTeX Info: Redefining \pmod on input line 909.
LaTeX Info: Redefining \smash on input line 939.
LaTeX Info: Redefining \relbar on input line 969.
LaTeX Info: Redefining \Relbar on input line 970.
\c@MaxMatrixCols=\count295
\dotsspace@=\muskip17
\c@parentequation=\count296
\dspbrk@lvl=\count297
\tag@help=\toks22
\row@=\count298
\column@=\count299
\maxfields@=\count300
\andhelp@=\toks23
\eqnshift@=\dimen154
\alignsep@=\dimen155
\tagshift@=\dimen156
\tagwidth@=\dimen157
\totwidth@=\dimen158
\lineht@=\dimen159
\@envbody=\toks24
\multlinegap=\skip52
\multlinetaggap=\skip53
\mathdisplay@stack=\toks25
LaTeX Info: Redefining \[ on input line 2953.
LaTeX Info: Redefining \] on input line 2954.
) (D:\miktex\tex/latex/amscls\amsthm.sty
Package: amsthm 2020/05/29 v2.20.6
\thm@style=\toks26
\thm@bodyfont=\toks27
\thm@headfont=\toks28
\thm@notefont=\toks29
\thm@headpunct=\toks30
\thm@preskip=\skip54
\thm@postskip=\skip55
\thm@headsep=\skip56
\dth@everypar=\toks31
) (D:\miktex\tex/latex/amsfonts\amsfonts.sty
Package: amsfonts 2013/01/14 v3.01 Basic AMSFonts support
\symAMSa=\mathgroup4
\symAMSb=\mathgroup5
LaTeX Font Info:    Redeclaring math symbol \hbar on input line 98.
LaTeX Font Info:    Overwriting math alphabet `\mathfrak' in version `bold'
(Font)                  U/euf/m/n --> U/euf/b/n on input line 106.
) (D:\miktex\tex/latex/amsfonts\amssymb.sty
Package: amssymb 2013/01/14 v3.01 AMS font symbols
) (D:\miktex\tex/latex/amsmath\amscd.sty
Package: amscd 2017/04/14 v2.1 AMS Commutative Diagrams
\athelp@=\toks32
\minaw@=\dimen160
\bigaw@=\dimen161
\minCDarrowwidth=\dimen162
) (D:\miktex\tex/latex/base\latexsym.sty
Package: latexsym 1998/08/17 v2.2e Standard LaTeX package (lasy symbols)
\symlasy=\mathgroup6
LaTeX Font Info:    Overwriting symbol font `lasy' in version `bold'
(Font)                  U/lasy/m/n --> U/lasy/b/n on input line 52.
) (D:\miktex\tex/latex/tools\bm.sty
Package: bm 2023/12/19 v1.2f Bold Symbol Support (DPC/FMi)
\symboldoperators=\mathgroup7
\symboldletters=\mathgroup8
\symboldsymbols=\mathgroup9
Package bm Info: No bold for \OMX/cmex/m/n, using \pmb.
Package bm Info: No bold for \U/msa/m/n, using \pmb.
Package bm Info: No bold for \U/msb/m/n, using \pmb.
\symboldlasy=\mathgroup10
LaTeX Font Info:    Redeclaring math alphabet \mathbf on input line 149.
) (D:\miktex\tex/latex/jknappen\mathrsfs.sty
Package: mathrsfs 1996/01/01 Math RSFS package v1.0 (jk)
\symrsfs=\mathgroup11
) (D:\miktex\tex/latex/amsfonts\eucal.sty
Package: eucal 2009/06/22 v3.00 Euler Script fonts
LaTeX Font Info:    Overwriting math alphabet `\EuScript' in version `bold'
(Font)                  U/eus/m/n --> U/eus/b/n on input line 33.
) (D:\miktex\tex/latex/esint\esint.sty
Package: esint 
\symlargesymbolsA=\mathgroup12
) (D:\miktex\tex/latex/titlesec\titlesec.sty
Package: titlesec 2025/01/04 v2.17 Sectioning titles
\ttl@box=\box57
\beforetitleunit=\skip57
\aftertitleunit=\skip58
\ttl@plus=\dimen163
\ttl@minus=\dimen164
\ttl@toksa=\toks33
\titlewidth=\dimen165
\titlewidthlast=\dimen166
\titlewidthfirst=\dimen167
 (D:\miktex\tex/latex/titlesec\titleps.sty)) (D:\miktex\tex/latex/titlesec\titletoc.sty
Package: titletoc 2025/01/04 v2.17 TOC entries
\ttl@leftsep=\dimen168
) (D:\miktex\tex/latex/xcolor\xcolor.sty
Package: xcolor 2024/09/29 v3.02 LaTeX color extensions (UK)
 (D:\miktex\tex/latex/graphics-cfg\color.cfg
File: color.cfg 2016/01/02 v1.6 sample color configuration
)
Package xcolor Info: Driver file: pdftex.def on input line 274.
 (D:\miktex\tex/latex/graphics-def\pdftex.def
File: pdftex.def 2024/04/13 v1.2c Graphics/color driver for pdftex
) (D:\miktex\tex/latex/graphics\mathcolor.ltx)
Package xcolor Info: Model `cmy' substituted by `cmy0' on input line 1349.
Package xcolor Info: Model `hsb' substituted by `rgb' on input line 1353.
Package xcolor Info: Model `RGB' extended on input line 1365.
Package xcolor Info: Model `HTML' substituted by `rgb' on input line 1367.
Package xcolor Info: Model `Hsb' substituted by `hsb' on input line 1368.
Package xcolor Info: Model `tHsb' substituted by `hsb' on input line 1369.
Package xcolor Info: Model `HSB' substituted by `hsb' on input line 1370.
Package xcolor Info: Model `Gray' substituted by `gray' on input line 1371.
Package xcolor Info: Model `wave' substituted by `hsb' on input line 1372.
) (D:\miktex\tex/latex/graphics\dvipsnam.def
File: dvipsnam.def 2016/06/17 v3.0m Driver-dependent file (DPC,SPQR)
) (D:\miktex\tex/latex/colortbl\colortbl.sty
Package: colortbl 2024/10/29 v1.0k Color table columns (DPC)
 (D:\miktex\tex/latex/tools\array.sty
Package: array 2024/10/17 v2.6g Tabular extension package (FMi)
\col@sep=\dimen169
\ar@mcellbox=\box58
\extrarowheight=\dimen170
\NC@list=\toks34
\extratabsurround=\skip59
\backup@length=\skip60
\ar@cellbox=\box59
)
\everycr=\toks35
\minrowclearance=\skip61
\rownum=\count301
) (D:\miktex\tex/latex/xcolor\svgnam.def
File: svgnam.def 2024/09/29 v3.02 Predefined colors according to SVG 1.1 (UK)
) (D:\miktex\tex/latex/pgf/frontendlayer\tikz.sty (D:\miktex\tex/latex/pgf/basiclayer\pgf.sty (D:\miktex\tex/latex/pgf/utilities\pgfrcs.sty (D:\miktex\tex/generic/pgf/utilities\pgfutil-common.tex
\pgfutil@everybye=\toks36
\pgfutil@tempdima=\dimen171
\pgfutil@tempdimb=\dimen172
) (D:\miktex\tex/generic/pgf/utilities\pgfutil-latex.def
\pgfutil@abb=\box60
) (D:\miktex\tex/generic/pgf/utilities\pgfrcs.code.tex (D:\miktex\tex/generic/pgf\pgf.revision.tex)
Package: pgfrcs 2023-01-15 v3.1.10 (3.1.10)
))
Package: pgf 2023-01-15 v3.1.10 (3.1.10)
 (D:\miktex\tex/latex/pgf/basiclayer\pgfcore.sty (D:\miktex\tex/latex/graphics\graphicx.sty
Package: graphicx 2021/09/16 v1.2d Enhanced LaTeX Graphics (DPC,SPQR)
 (D:\miktex\tex/latex/graphics\graphics.sty
Package: graphics 2024/08/06 v1.4g Standard LaTeX Graphics (DPC,SPQR)
 (D:\miktex\tex/latex/graphics\trig.sty
Package: trig 2023/12/02 v1.11 sin cos tan (DPC)
) (D:\miktex\tex/latex/graphics-cfg\graphics.cfg
File: graphics.cfg 2016/06/04 v1.11 sample graphics configuration
)
Package graphics Info: Driver file: pdftex.def on input line 106.
)
\Gin@req@height=\dimen173
\Gin@req@width=\dimen174
) (D:\miktex\tex/latex/pgf/systemlayer\pgfsys.sty (D:\miktex\tex/generic/pgf/systemlayer\pgfsys.code.tex
Package: pgfsys 2023-01-15 v3.1.10 (3.1.10)
 (D:\miktex\tex/generic/pgf/utilities\pgfkeys.code.tex
\pgfkeys@pathtoks=\toks37
\pgfkeys@temptoks=\toks38
 (D:\miktex\tex/generic/pgf/utilities\pgfkeyslibraryfiltered.code.tex
\pgfkeys@tmptoks=\toks39
))
\pgf@x=\dimen175
\pgf@y=\dimen176
\pgf@xa=\dimen177
\pgf@ya=\dimen178
\pgf@xb=\dimen179
\pgf@yb=\dimen180
\pgf@xc=\dimen181
\pgf@yc=\dimen182
\pgf@xd=\dimen183
\pgf@yd=\dimen184
\w@pgf@writea=\write3
\r@pgf@reada=\read2
\c@pgf@counta=\count302
\c@pgf@countb=\count303
\c@pgf@countc=\count304
\c@pgf@countd=\count305
\t@pgf@toka=\toks40
\t@pgf@tokb=\toks41
\t@pgf@tokc=\toks42
\pgf@sys@id@count=\count306
 (D:\miktex\tex/generic/pgf/systemlayer\pgf.cfg
File: pgf.cfg 2023-01-15 v3.1.10 (3.1.10)
)
Driver file for pgf: pgfsys-pdftex.def
 (D:\miktex\tex/generic/pgf/systemlayer\pgfsys-pdftex.def
File: pgfsys-pdftex.def 2023-01-15 v3.1.10 (3.1.10)
 (D:\miktex\tex/generic/pgf/systemlayer\pgfsys-common-pdf.def
File: pgfsys-common-pdf.def 2023-01-15 v3.1.10 (3.1.10)
))) (D:\miktex\tex/generic/pgf/systemlayer\pgfsyssoftpath.code.tex
File: pgfsyssoftpath.code.tex 2023-01-15 v3.1.10 (3.1.10)
\pgfsyssoftpath@smallbuffer@items=\count307
\pgfsyssoftpath@bigbuffer@items=\count308
) (D:\miktex\tex/generic/pgf/systemlayer\pgfsysprotocol.code.tex
File: pgfsysprotocol.code.tex 2023-01-15 v3.1.10 (3.1.10)
)) (D:\miktex\tex/generic/pgf/basiclayer\pgfcore.code.tex
Package: pgfcore 2023-01-15 v3.1.10 (3.1.10)
 (D:\miktex\tex/generic/pgf/math\pgfmath.code.tex (D:\miktex\tex/generic/pgf/math\pgfmathutil.code.tex) (D:\miktex\tex/generic/pgf/math\pgfmathparser.code.tex
\pgfmath@dimen=\dimen185
\pgfmath@count=\count309
\pgfmath@box=\box61
\pgfmath@toks=\toks43
\pgfmath@stack@operand=\toks44
\pgfmath@stack@operation=\toks45
) (D:\miktex\tex/generic/pgf/math\pgfmathfunctions.code.tex) (D:\miktex\tex/generic/pgf/math\pgfmathfunctions.basic.code.tex) (D:\miktex\tex/generic/pgf/math\pgfmathfunctions.trigonometric.code.tex) (D:\miktex\tex/generic/pgf/math\pgfmathfunctions.random.code.tex) (D:\miktex\tex/generic/pgf/math\pgfmathfunctions.comparison.code.tex) (D:\miktex\tex/generic/pgf/math\pgfmathfunctions.base.code.tex) (D:\miktex\tex/generic/pgf/math\pgfmathfunctions.round.code.tex) (D:\miktex\tex/generic/pgf/math\pgfmathfunctions.misc.code.tex) (D:\miktex\tex/generic/pgf/math\pgfmathfunctions.integerarithmetics.code.tex) (D:\miktex\tex/generic/pgf/math\pgfmathcalc.code.tex) (D:\miktex\tex/generic/pgf/math\pgfmathfloat.code.tex
\c@pgfmathroundto@lastzeros=\count310
)) (D:\miktex\tex/generic/pgf/math\pgfint.code.tex) (D:\miktex\tex/generic/pgf/basiclayer\pgfcorepoints.code.tex
File: pgfcorepoints.code.tex 2023-01-15 v3.1.10 (3.1.10)
\pgf@picminx=\dimen186
\pgf@picmaxx=\dimen187
\pgf@picminy=\dimen188
\pgf@picmaxy=\dimen189
\pgf@pathminx=\dimen190
\pgf@pathmaxx=\dimen191
\pgf@pathminy=\dimen192
\pgf@pathmaxy=\dimen193
\pgf@xx=\dimen194
\pgf@xy=\dimen195
\pgf@yx=\dimen196
\pgf@yy=\dimen197
\pgf@zx=\dimen198
\pgf@zy=\dimen199
) (D:\miktex\tex/generic/pgf/basiclayer\pgfcorepathconstruct.code.tex
File: pgfcorepathconstruct.code.tex 2023-01-15 v3.1.10 (3.1.10)
\pgf@path@lastx=\dimen256
\pgf@path@lasty=\dimen257
) (D:\miktex\tex/generic/pgf/basiclayer\pgfcorepathusage.code.tex
File: pgfcorepathusage.code.tex 2023-01-15 v3.1.10 (3.1.10)
\pgf@shorten@end@additional=\dimen258
\pgf@shorten@start@additional=\dimen259
) (D:\miktex\tex/generic/pgf/basiclayer\pgfcorescopes.code.tex
File: pgfcorescopes.code.tex 2023-01-15 v3.1.10 (3.1.10)
\pgfpic=\box62
\pgf@hbox=\box63
\pgf@layerbox@main=\box64
\pgf@picture@serial@count=\count311
) (D:\miktex\tex/generic/pgf/basiclayer\pgfcoregraphicstate.code.tex
File: pgfcoregraphicstate.code.tex 2023-01-15 v3.1.10 (3.1.10)
\pgflinewidth=\dimen260
) (D:\miktex\tex/generic/pgf/basiclayer\pgfcoretransformations.code.tex
File: pgfcoretransformations.code.tex 2023-01-15 v3.1.10 (3.1.10)
\pgf@pt@x=\dimen261
\pgf@pt@y=\dimen262
\pgf@pt@temp=\dimen263
) (D:\miktex\tex/generic/pgf/basiclayer\pgfcorequick.code.tex
File: pgfcorequick.code.tex 2023-01-15 v3.1.10 (3.1.10)
) (D:\miktex\tex/generic/pgf/basiclayer\pgfcoreobjects.code.tex
File: pgfcoreobjects.code.tex 2023-01-15 v3.1.10 (3.1.10)
) (D:\miktex\tex/generic/pgf/basiclayer\pgfcorepathprocessing.code.tex
File: pgfcorepathprocessing.code.tex 2023-01-15 v3.1.10 (3.1.10)
) (D:\miktex\tex/generic/pgf/basiclayer\pgfcorearrows.code.tex
File: pgfcorearrows.code.tex 2023-01-15 v3.1.10 (3.1.10)
\pgfarrowsep=\dimen264
) (D:\miktex\tex/generic/pgf/basiclayer\pgfcoreshade.code.tex
File: pgfcoreshade.code.tex 2023-01-15 v3.1.10 (3.1.10)
\pgf@max=\dimen265
\pgf@sys@shading@range@num=\count312
\pgf@shadingcount=\count313
) (D:\miktex\tex/generic/pgf/basiclayer\pgfcoreimage.code.tex
File: pgfcoreimage.code.tex 2023-01-15 v3.1.10 (3.1.10)
) (D:\miktex\tex/generic/pgf/basiclayer\pgfcoreexternal.code.tex
File: pgfcoreexternal.code.tex 2023-01-15 v3.1.10 (3.1.10)
\pgfexternal@startupbox=\box65
) (D:\miktex\tex/generic/pgf/basiclayer\pgfcorelayers.code.tex
File: pgfcorelayers.code.tex 2023-01-15 v3.1.10 (3.1.10)
) (D:\miktex\tex/generic/pgf/basiclayer\pgfcoretransparency.code.tex
File: pgfcoretransparency.code.tex 2023-01-15 v3.1.10 (3.1.10)
) (D:\miktex\tex/generic/pgf/basiclayer\pgfcorepatterns.code.tex
File: pgfcorepatterns.code.tex 2023-01-15 v3.1.10 (3.1.10)
) (D:\miktex\tex/generic/pgf/basiclayer\pgfcorerdf.code.tex
File: pgfcorerdf.code.tex 2023-01-15 v3.1.10 (3.1.10)
))) (D:\miktex\tex/generic/pgf/modules\pgfmoduleshapes.code.tex
File: pgfmoduleshapes.code.tex 2023-01-15 v3.1.10 (3.1.10)
\pgfnodeparttextbox=\box66
) (D:\miktex\tex/generic/pgf/modules\pgfmoduleplot.code.tex
File: pgfmoduleplot.code.tex 2023-01-15 v3.1.10 (3.1.10)
) (D:\miktex\tex/latex/pgf/compatibility\pgfcomp-version-0-65.sty
Package: pgfcomp-version-0-65 2023-01-15 v3.1.10 (3.1.10)
\pgf@nodesepstart=\dimen266
\pgf@nodesepend=\dimen267
) (D:\miktex\tex/latex/pgf/compatibility\pgfcomp-version-1-18.sty
Package: pgfcomp-version-1-18 2023-01-15 v3.1.10 (3.1.10)
)) (D:\miktex\tex/latex/pgf/utilities\pgffor.sty (D:\miktex\tex/latex/pgf/utilities\pgfkeys.sty (D:\miktex\tex/generic/pgf/utilities\pgfkeys.code.tex)) (D:\miktex\tex/latex/pgf/math\pgfmath.sty (D:\miktex\tex/generic/pgf/math\pgfmath.code.tex)) (D:\miktex\tex/generic/pgf/utilities\pgffor.code.tex
Package: pgffor 2023-01-15 v3.1.10 (3.1.10)
\pgffor@iter=\dimen268
\pgffor@skip=\dimen269
\pgffor@stack=\toks46
\pgffor@toks=\toks47
)) (D:\miktex\tex/generic/pgf/frontendlayer/tikz\tikz.code.tex
Package: tikz 2023-01-15 v3.1.10 (3.1.10)
 (D:\miktex\tex/generic/pgf/libraries\pgflibraryplothandlers.code.tex
File: pgflibraryplothandlers.code.tex 2023-01-15 v3.1.10 (3.1.10)
\pgf@plot@mark@count=\count314
\pgfplotmarksize=\dimen270
)
\tikz@lastx=\dimen271
\tikz@lasty=\dimen272
\tikz@lastxsaved=\dimen273
\tikz@lastysaved=\dimen274
\tikz@lastmovetox=\dimen275
\tikz@lastmovetoy=\dimen276
\tikzleveldistance=\dimen277
\tikzsiblingdistance=\dimen278
\tikz@figbox=\box67
\tikz@figbox@bg=\box68
\tikz@tempbox=\box69
\tikz@tempbox@bg=\box70
\tikztreelevel=\count315
\tikznumberofchildren=\count316
\tikznumberofcurrentchild=\count317
\tikz@fig@count=\count318
 (D:\miktex\tex/generic/pgf/modules\pgfmodulematrix.code.tex
File: pgfmodulematrix.code.tex 2023-01-15 v3.1.10 (3.1.10)
\pgfmatrixcurrentrow=\count319
\pgfmatrixcurrentcolumn=\count320
\pgf@matrix@numberofcolumns=\count321
)
\tikz@expandcount=\count322
 (D:\miktex\tex/generic/pgf/frontendlayer/tikz/libraries\tikzlibrarytopaths.code.tex
File: tikzlibrarytopaths.code.tex 2023-01-15 v3.1.10 (3.1.10)
))) (D:\miktex\tex/latex/mdframed\mdframed.sty
Package: mdframed 2013/07/01 1.9b: mdframed
 (D:\miktex\tex/latex/kvoptions\kvoptions.sty
Package: kvoptions 2022-06-15 v3.15 Key value format for package options (HO)
 (D:\miktex\tex/generic/ltxcmds\ltxcmds.sty
Package: ltxcmds 2023-12-04 v1.26 LaTeX kernel commands for general use (HO)
) (D:\miktex\tex/latex/kvsetkeys\kvsetkeys.sty
Package: kvsetkeys 2022-10-05 v1.19 Key value parser (HO)
)) (D:\miktex\tex/latex/l3packages/xparse\xparse.sty (D:\miktex\tex/latex/l3kernel\expl3.sty
Package: expl3 2025-04-29 L3 programming layer (loader) 
 (D:\miktex\tex/latex/l3backend\l3backend-pdftex.def
File: l3backend-pdftex.def 2025-04-14 L3 backend support: PDF output (pdfTeX)
\l__color_backend_stack_int=\count323
))
Package: xparse 2024-08-16 L3 Experimental document command parser
) (D:\miktex\tex/latex/etoolbox\etoolbox.sty
Package: etoolbox 2025/02/11 v2.5l e-TeX tools for LaTeX (JAW)
\etb@tempcnta=\count324
) (D:\miktex\tex/latex/zref\zref-abspage.sty
Package: zref-abspage 2026-03-07 v2.37 Module abspage for zref (HO)
 (D:\miktex\tex/latex/zref\zref-base.sty
Package: zref-base 2026-03-07 v2.37 Module base for zref (HO)
 (D:\miktex\tex/generic/infwarerr\infwarerr.sty
Package: infwarerr 2019/12/03 v1.5 Providing info/warning/error messages (HO)
) (D:\miktex\tex/generic/kvdefinekeys\kvdefinekeys.sty
Package: kvdefinekeys 2019-12-19 v1.6 Define keys (HO)
) (D:\miktex\tex/generic/pdftexcmds\pdftexcmds.sty
Package: pdftexcmds 2020-06-27 v0.33 Utility functions of pdfTeX for LuaTeX (HO)
 (D:\miktex\tex/generic/iftex\iftex.sty
Package: iftex 2024/12/12 v1.0g TeX engine tests
)
Package pdftexcmds Info: \pdf@primitive is available.
Package pdftexcmds Info: \pdf@ifprimitive is available.
Package pdftexcmds Info: \pdfdraftmode found.
) (D:\miktex\tex/generic/etexcmds\etexcmds.sty
Package: etexcmds 2019/12/15 v1.7 Avoid name clashes with e-TeX commands (HO)
) (D:\miktex\tex/latex/auxhook\auxhook.sty
Package: auxhook 2019-12-17 v1.6 Hooks for auxiliary files (HO)
)
Package zref Info: New property list: main on input line 767.
Package zref Info: New property: default on input line 768.
Package zref Info: New property: page on input line 769.
)
\c@abspage=\count325
Package zref Info: New property: abspage on input line 67.
) (D:\miktex\tex/latex/needspace\needspace.sty
Package: needspace 2025/03/13 v1.3e reserve vertical space
)
\mdf@templength=\skip62
\c@mdf@globalstyle@cnt=\count326
\mdf@skipabove@length=\skip63
\mdf@skipbelow@length=\skip64
\mdf@leftmargin@length=\skip65
\mdf@rightmargin@length=\skip66
\mdf@innerleftmargin@length=\skip67
\mdf@innerrightmargin@length=\skip68
\mdf@innertopmargin@length=\skip69
\mdf@innerbottommargin@length=\skip70
\mdf@splittopskip@length=\skip71
\mdf@splitbottomskip@length=\skip72
\mdf@outermargin@length=\skip73
\mdf@innermargin@length=\skip74
\mdf@linewidth@length=\skip75
\mdf@innerlinewidth@length=\skip76
\mdf@middlelinewidth@length=\skip77
\mdf@outerlinewidth@length=\skip78
\mdf@roundcorner@length=\skip79
\mdf@footenotedistance@length=\skip80
\mdf@userdefinedwidth@length=\skip81
\mdf@needspace@length=\skip82
\mdf@frametitleaboveskip@length=\skip83
\mdf@frametitlebelowskip@length=\skip84
\mdf@frametitlerulewidth@length=\skip85
\mdf@frametitleleftmargin@length=\skip86
\mdf@frametitlerightmargin@length=\skip87
\mdf@shadowsize@length=\skip88
\mdf@extratopheight@length=\skip89
\mdf@subtitleabovelinewidth@length=\skip90
\mdf@subtitlebelowlinewidth@length=\skip91
\mdf@subtitleaboveskip@length=\skip92
\mdf@subtitlebelowskip@length=\skip93
\mdf@subtitleinneraboveskip@length=\skip94
\mdf@subtitleinnerbelowskip@length=\skip95
\mdf@subsubtitleabovelinewidth@length=\skip96
\mdf@subsubtitlebelowlinewidth@length=\skip97
\mdf@subsubtitleaboveskip@length=\skip98
\mdf@subsubtitlebelowskip@length=\skip99
\mdf@subsubtitleinneraboveskip@length=\skip100
\mdf@subsubtitleinnerbelowskip@length=\skip101
 (D:\miktex\tex/latex/mdframed\md-frame-1.mdf
File: md-frame-1.mdf 2013/07/01\ 1.9b: md-frame-1
)
\mdf@frametitlebox=\box71
\mdf@footnotebox=\box72
\mdf@splitbox@one=\box73
\mdf@splitbox@two=\box74
\mdf@splitbox@save=\box75
\mdfsplitboxwidth=\skip102
\mdfsplitboxtotalwidth=\skip103
\mdfsplitboxheight=\skip104
\mdfsplitboxdepth=\skip105
\mdfsplitboxtotalheight=\skip106
\mdfframetitleboxwidth=\skip107
\mdfframetitleboxtotalwidth=\skip108
\mdfframetitleboxheight=\skip109
\mdfframetitleboxdepth=\skip110
\mdfframetitleboxtotalheight=\skip111
\mdffootnoteboxwidth=\skip112
\mdffootnoteboxtotalwidth=\skip113
\mdffootnoteboxheight=\skip114
\mdffootnoteboxdepth=\skip115
\mdffootnoteboxtotalheight=\skip116
\mdftotallinewidth=\skip117
\mdfboundingboxwidth=\skip118
\mdfboundingboxtotalwidth=\skip119
\mdfboundingboxheight=\skip120
\mdfboundingboxdepth=\skip121
\mdfboundingboxtotalheight=\skip122
\mdf@freevspace@length=\skip123
\mdf@horizontalwidthofbox@length=\skip124
\mdf@verticalmarginwhole@length=\skip125
\mdf@horizontalspaceofbox=\skip126
\mdfsubtitleheight=\skip127
\mdfsubsubtitleheight=\skip128
\c@mdfcountframes=\count327

****** mdframed patching \endmdf@trivlist

****** -- success******

\mdf@envdepth=\count328
\c@mdf@env@i=\count329
\c@mdf@env@ii=\count330
\c@mdf@zref@counter=\count331
Package zref Info: New property: mdf@pagevalue on input line 895.
) (D:\miktex\tex/latex/tcolorbox\tcolorbox.sty
Package: tcolorbox 2025/05/20 version 6.5.0 text color boxes
 (D:\miktex\tex/latex/tools\verbatim.sty
Package: verbatim 2024-01-22 v1.5x LaTeX2e package for verbatim enhancements
\every@verbatim=\toks48
\verbatim@line=\toks49
\verbatim@in@stream=\read3
) (D:\miktex\tex/latex/environ\environ.sty
Package: environ 2014/05/04 v0.3 A new way to define environments
 (D:\miktex\tex/latex/trimspaces\trimspaces.sty
Package: trimspaces 2009/09/17 v1.1 Trim spaces around a token list
))
\tcb@titlebox=\box76
\tcb@upperbox=\box77
\tcb@lowerbox=\box78
\tcb@phantombox=\box79
\c@tcbbreakpart=\count332
\c@tcblayer=\count333
\c@tcolorbox@number=\count334
\l__tcobox_tmpa_box=\box80
\l__tcobox_tmpa_dim=\dimen279
\tcb@temp=\box81
\tcb@temp=\box82
\tcb@temp=\box83
\tcb@temp=\box84
) (D:\miktex\tex/latex/boxedminipage\boxedminipage.sty
Package: boxedminipage 2020/04/19 v1.1 Boxed LaTeX2e minipages
\bmp@box=\box85
\bmp@width=\skip129
\bmp@height=\skip130
) (D:\miktex\tex/latex/fancybox\fancybox.sty
Package: fancybox 2010/05/15 1.4

Style option: `fancybox' v1.4 <2010/05/15> (tvz)
\@fancybox=\box86
\shadowsize=\dimen280
\@Sbox=\box87
\do@VerbBox=\toks50
\the@fancyput=\toks51
\this@fancyput=\toks52
\EndVerbatimTokens=\toks53
\Verbatim@Outfile=\write4
\Verbatim@Infile=\read4
) (D:\miktex\tex/latex/lipsum\lipsum.sty (D:\miktex\tex/latex/l3packages/l3keys2e\l3keys2e.sty
Package: l3keys2e 2024-08-16 LaTeX2e option processing using LaTeX3 keys
)
Package: lipsum 2021-09-20 v2.7 150 paragraphs of Lorem Ipsum dummy text
\g__lipsum_par_int=\count335
\l__lipsum_a_int=\count336
\l__lipsum_b_int=\count337
 (D:\miktex\tex/latex/lipsum\lipsum.ltd.tex)) (D:\miktex\tex/latex/geometry\geometry.sty
Package: geometry 2020/01/02 v5.9 Page Geometry
 (D:\miktex\tex/generic/iftex\ifvtex.sty
Package: ifvtex 2019/10/25 v1.7 ifvtex legacy package. Use iftex instead.
)
\Gm@cnth=\count338
\Gm@cntv=\count339
\c@Gm@tempcnt=\count340
\Gm@bindingoffset=\dimen281
\Gm@wd@mp=\dimen282
\Gm@odd@mp=\dimen283
\Gm@even@mp=\dimen284
\Gm@layoutwidth=\dimen285
\Gm@layoutheight=\dimen286
\Gm@layouthoffset=\dimen287
\Gm@layoutvoffset=\dimen288
\Gm@dimlist=\toks54
 (D:\miktex\tex/latex/geometry\geometry.cfg)) (D:\miktex\tex/latex/url\url.sty
\Urlmuskip=\muskip18
Package: url 2013/09/16  ver 3.4  Verb mode for urls, etc.
) (D:\miktex\tex/latex/appendix\appendix.sty
Package: appendix 2020/02/08 v1.2c extra appendix facilities
\c@@pps=\count341
\c@@ppsavesec=\count342
\c@@ppsaveapp=\count343
) (D:\miktex\tex/latex/tocbibind\tocbibind.sty
Package: tocbibind 2010/10/13 v1.5k extra ToC listings
Package tocbibind Info: The document has chapter divisions on input line 50.


Package tocbibind Note: Using chapter style headings, unless overridden.

) (D:\miktex\tex/latex/booktabs\booktabs.sty
Package: booktabs 2020/01/12 v1.61803398 Publication quality tables
\heavyrulewidth=\dimen289
\lightrulewidth=\dimen290
\cmidrulewidth=\dimen291
\belowrulesep=\dimen292
\belowbottomsep=\dimen293
\aboverulesep=\dimen294
\abovetopsep=\dimen295
\cmidrulesep=\dimen296
\cmidrulekern=\dimen297
\defaultaddspace=\dimen298
\@cmidla=\count344
\@cmidlb=\count345
\@aboverulesep=\dimen299
\@belowrulesep=\dimen300
\@thisruleclass=\count346
\@lastruleclass=\count347
\@thisrulewidth=\dimen301
) (D:\miktex\tex/latex/tools\tabularx.sty
Package: tabularx 2023/12/11 v2.12a `tabularx' package (DPC)
\TX@col@width=\dimen302
\TX@old@table=\dimen303
\TX@old@col=\dimen304
\TX@target=\dimen305
\TX@delta=\dimen306
\TX@cols=\count348
\TX@ftn=\toks55
) (D:\miktex\tex/latex/tabulary\tabulary.sty
Package: tabulary 2024/06/04 v0.11 tabulary package (DPC)
\TY@count=\count349
\TY@linewidth=\dimen307
\tymin=\dimen308
\tymax=\dimen309
\TY@tablewidth=\dimen310
) (D:\miktex\tex/latex/tools\longtable.sty
Package: longtable 2024-10-27 v4.22 Multi-page Table package (DPC)
\LTleft=\skip131
\LTright=\skip132
\LTpre=\skip133
\LTpost=\skip134
\LTchunksize=\count350
\LTcapwidth=\dimen311
\LT@head=\box88
\LT@firsthead=\box89
\LT@foot=\box90
\LT@lastfoot=\box91
\LT@gbox=\box92
\LT@cols=\count351
\LT@rows=\count352
\c@LT@tables=\count353
\c@LT@chunks=\count354
\LT@p@ftn=\toks56
) (D:\miktex\tex/latex/ctable\ctable.sty
Package: ctable 2025/10/22 v1.33 package for flexible key/value driven typesetting of floats
 (D:\miktex\tex/generic/iftex\ifpdf.sty
Package: ifpdf 2019/10/25 v3.4 ifpdf legacy package. Use iftex instead.
) (D:\miktex\tex/latex/xkeyval\xkeyval.sty
Package: xkeyval 2022/06/16 v2.9 package option processing (HA)
 (D:\miktex\tex/generic/xkeyval\xkeyval.tex (D:\miktex\tex/generic/xkeyval\xkvutils.tex
\XKV@toks=\toks57
\XKV@tempa@toks=\toks58
)
\XKV@depth=\count355
File: xkeyval.tex 2014/12/03 v2.7a key=value parser (HA)
)) (D:\miktex\tex/latex/graphics\rotating.sty
Package: rotating 2016/08/11 v2.16d rotated objects in LaTeX
 (D:\miktex\tex/latex/base\ifthen.sty
Package: ifthen 2024/03/16 v1.1e Standard LaTeX ifthen package (DPC)
)
\c@r@tfl@t=\count356
\rotFPtop=\skip135
\rotFPbot=\skip136
\rot@float@box=\box93
\rot@mess@toks=\toks59
)

Package ctable Warning:  Transparency disabled: incompatible with tikz package .

\@CTframesep=\dimen312
\@dfltCTframesep=\dimen313
\@CTframerule=\dimen314
\@dfltCTframerule=\dimen315
\@CTwidth=\dimen316
\@dfltCTwidth=\dimen317
\@CTcaptionskip=\dimen318
\@dfltCTcaptionskip=\dimen319
\@CTmaxwidth=\dimen320
\@dfltCTmaxwidth=\dimen321
\@CTmincapwidth=\dimen322
\@dfltCTmincapwidth=\dimen323
\@CTfooterwidth=\dimen324
\@dfltCTfooterwidth=\dimen325
\@CTw=\dimen326
\@CTfloatwidth=\dimen327
\@CToldsep=\dimen328
\@CToldrule=\dimen329
\CT@t=\box94
\@CTcurftwidth=\dimen330
) (D:\miktex\tex/latex/multirow\multirow.sty
Package: multirow 2024/11/12 v2.9 Span multiple rows of a table
\multirow@colwidth=\skip137
\multirow@cntb=\count357
\multirow@dima=\skip138
\bigstrutjot=\dimen331
) (D:\miktex\tex/latex/arydshln\arydshln.sty
Package: arydshln 2019/02/21 v1.76 
\dashlinedash=\dimen332
\dashlinegap=\dimen333
\adl@box=\box95
\adl@height=\dimen334
\adl@heightsave=\dimen335
\adl@depth=\dimen336
\adl@depthsave=\dimen337
\adl@finaldepth=\dimen338
\adl@columns=\count358
\adl@ncol=\count359
\adl@currentcolumn=\count360
\adl@currentcolumnsave=\count361
\adl@totalheight=\count362
\adl@totalheightsave=\count363
\adl@dash=\count364
\adl@gap=\count365
\adl@cla=\count366
\adl@clb=\count367
\adl@everyvbox=\toks60
\adl@LTpagetotal=\dimen339
) (D:\miktex\tex/latex/tools\multicol.sty
Package: multicol 2024/09/14 v1.9i multicolumn formatting (FMi)
\c@tracingmulticols=\count368
\mult@box=\box96
\multicol@leftmargin=\dimen340
\c@unbalance=\count369
\c@collectmore=\count370
\doublecol@number=\count371
\multicoltolerance=\count372
\multicolpretolerance=\count373
\full@width=\dimen341
\page@free=\dimen342
\premulticols=\dimen343
\postmulticols=\dimen344
\multicolsep=\skip139
\multicolbaselineskip=\skip140
\partial@page=\box97
\last@line=\box98
\mc@boxedresult=\box99
\maxbalancingoverflow=\dimen345
\mult@rightbox=\box100
\mult@grightbox=\box101
\mult@firstbox=\box102
\mult@gfirstbox=\box103
\@tempa=\box104
\@tempa=\box105
\@tempa=\box106
\@tempa=\box107
\@tempa=\box108
\@tempa=\box109
\@tempa=\box110
\@tempa=\box111
\@tempa=\box112
\@tempa=\box113
\@tempa=\box114
\@tempa=\box115
\@tempa=\box116
\@tempa=\box117
\@tempa=\box118
\@tempa=\box119
\@tempa=\box120
\@tempa=\box121
\@tempa=\box122
\@tempa=\box123
\@tempa=\box124
\@tempa=\box125
\@tempa=\box126
\@tempa=\box127
\@tempa=\box128
\@tempa=\box129
\@tempa=\box130
\@tempa=\box131
\@tempa=\box132
\@tempa=\box133
\@tempa=\box134
\@tempa=\box135
\@tempa=\box136
\@tempa=\box137
\@tempa=\box138
\@tempa=\box139
\c@minrows=\count374
\c@columnbadness=\count375
\c@finalcolumnbadness=\count376
\last@try=\dimen346
\multicolovershoot=\dimen347
\multicolundershoot=\dimen348
\mult@nat@firstbox=\box140
\colbreak@box=\box141
\mc@col@check@num=\count377
) (D:\miktex\tex/latex/tools\xspace.sty
Package: xspace 2014/10/28 v1.13 Space after command names (DPC,MH)
) (D:\miktex\tex/latex/siunitx\siunitx.sty
Package: siunitx 2026-04-15 v3.5.4 A comprehensive (SI) units package
\l__siunitx_number_uncert_offset_int=\count378
\l__siunitx_number_exponent_fixed_int=\count379
\l__siunitx_number_min_decimal_int=\count380
\l__siunitx_number_min_integer_int=\count381
\l__siunitx_number_round_precision_int=\count382
\l__siunitx_number_lower_threshold_int=\count383
\l__siunitx_number_upper_threshold_int=\count384
\l__siunitx_number_group_first_int=\count385
\l__siunitx_number_group_size_int=\count386
\l__siunitx_number_group_min_int=\count387
\l__siunitx_number_group_minimum_int=\count388
\l__siunitx_compound_count_int=\count389
 (D:\miktex\tex/latex/translations\translations.sty
Package: translations 2022/02/05 v1.12 internationalization of LaTeX2e packages (CN)
)
\l__siunitx_table_tmp_box=\box142
\l__siunitx_table_tmp_dim=\dimen349
\l__siunitx_table_column_width_dim=\dimen350
\l__siunitx_table_integer_box=\box143
\l__siunitx_table_decimal_box=\box144
\l__siunitx_table_uncert_box=\box145
\l__siunitx_table_before_box=\box146
\l__siunitx_table_after_box=\box147
\l__siunitx_table_before_dim=\dimen351
\l__siunitx_table_carry_dim=\dimen352
\l__siunitx_unit_tmp_int=\count390
\l__siunitx_unit_position_int=\count391
\l__siunitx_unit_total_int=\count392
\l__siunitx_sexagesimal_tmp_dim=\dimen353
\l__siunitx_sexagesimal_marker_box=\box148
\l__siunitx_sexagesimal_unit_box=\box149
) (D:\miktex\tex/latex/gensymb\gensymb.sty
Package: gensymb 2022/10/17 v1.0.2 (KJH)
) (D:\miktex\tex/latex/setspace\setspace.sty
Package: setspace 2022/12/04 v6.7b set line spacing
) (D:\miktex\tex/latex/base\flafter.sty
Package: flafter 2021/07/31 v1.4e Standard LaTeX floats after reference (FMi)
Applying: [2015/01/01] float order in 2-column on input line 49.
Already applied: [0000/00/00] float order in 2-column on input line 151.
) (D:\miktex\tex/latex/subfig\subfig.sty
Package: subfig 2005/06/28 ver: 1.3 subfig package
 (D:\miktex\tex/latex/caption\caption.sty
Package: caption 2023/08/05 v3.6o Customizing captions (AR)
 (D:\miktex\tex/latex/caption\caption3.sty
Package: caption3 2023/07/31 v2.4d caption3 kernel (AR)
\caption@tempdima=\dimen354
\captionmargin=\dimen355
\caption@leftmargin=\dimen356
\caption@rightmargin=\dimen357
\caption@width=\dimen358
\caption@indent=\dimen359
\caption@parindent=\dimen360
\caption@hangindent=\dimen361
Package caption Info: Standard document class detected.
)
\c@caption@flags=\count393
\c@continuedfloat=\count394
Package caption Info: listings package is loaded.
Package caption Info: longtable package is loaded.
 (D:\miktex\tex/latex/caption\ltcaption.sty
Package: ltcaption 2021/01/08 v1.4c longtable captions (AR)
)
Package caption Info: rotating package is loaded.
)
\c@KVtest=\count395
\sf@farskip=\skip141
\sf@captopadj=\dimen362
\sf@capskip=\skip142
\sf@nearskip=\skip143
\c@subfigure=\count396
\c@subfigure@save=\count397
\c@lofdepth=\count398
\c@subtable=\count399
\c@subtable@save=\count400
\c@lotdepth=\count401
\sf@top=\skip144
\sf@bottom=\skip145
) (D:\miktex\tex/latex/lineno\lineno.sty
Package: lineno 2026/03/08 line numbers on paragraphs v5.9
\linenopenalty=\count402
\output=\toks61
\linenoprevgraf=\count403
\linenumbersep=\dimen363
\linenumberwidth=\dimen364
\c@linenumber=\count404
\c@pagewiselinenumber=\count405
\c@LN@truepage=\count406
\c@internallinenumber=\count407
\c@internallinenumbers=\count408
\quotelinenumbersep=\dimen365
\bframerule=\dimen366
\bframesep=\dimen367
\bframebox=\box150
\@LN@amsmath@ams@eqpen=\count409
) (D:\miktex\tex/latex/pstricks\pstricks.sty
Package: pstricks 2024/02/02 v0.75 LaTeX wrapper for `PSTricks' (RN,HV)
 (D:\miktex\tex/generic/xkeyval\pst-xkey.tex
File: pst-xkey.tex 2005/11/25 v1.6 PSTricks specialization of xkeyval (HA)
) (D:\miktex\tex/generic/pstricks\pstricks.tex (D:\miktex\tex/generic/pstricks\pst-fp.tex `pst-fp' v0.06, 2020/11/20 (hv)
\pstFP@xs=\count410
\pstFP@xia=\count411
\pstFP@xib=\count412
\pstFP@xfa=\count413
\pstFP@xfb=\count414
\pstFP@rega=\count415
\pstFP@regb=\count416
\pstFP@regs=\count417
\pstFP@times=\count418
)
\psLoopIndex=\count419

`PSTricks' v3.22A  <2025/12/13> (tvz,hv)
\pst@dima=\dimen368
\pst@dimb=\dimen369
\pst@dimc=\dimen370
\pst@dimd=\dimen371
\pst@dimg=\dimen372
\pst@dimh=\dimen373
\pst@dimm=\dimen374
\pst@dimn=\dimen375
\pst@dimo=\dimen376
\pst@dimp=\dimen377
\pst@hbox=\box151
\pst@ibox=\box152
\pst@boxg=\box153
\pst@cnta=\count420
\pst@cntb=\count421
\pst@cntc=\count422
\pst@cntd=\count423
\pst@cntg=\count424
\pst@cnth=\count425
\pst@cntm=\count426
\pst@cntn=\count427
\pst@cnto=\count428
\pst@cntp=\count429
\@zero=\count430
\pst@toks=\toks62
--- We are running latex or xelatex ---
(D:\miktex\tex/generic/pstricks\pstricks.con) (D:\miktex\tex/generic/pstricks\pstricks-color.tex)
\psunit=\dimen378
\psxunit=\dimen379
\psyunit=\dimen380
\pst@C@@rType=\count431
\pslinewidth=\dimen381
\psk@startLW=\dimen382
\psk@endLW=\dimen383
 (D:\miktex\tex/generic/pstricks\pstricks-arrows.tex
\pshooklength=\dimen384
\pshookwidth=\dimen385
)
\pst@customdefs=\toks63
 (D:\miktex\tex/generic/pstricks\pstricks-dots.tex)
\pslinearc=\dimen386
\pst@symbolStep=\dimen387
\pst@symbolWidth=\dimen388
\pst@symbolLinewidth=\dimen389
 (D:\miktex\tex/generic/pstricks\pst-code-grid.tex) (D:\miktex\tex/generic/pstricks\pst-code-box.tex
\everypsbox=\toks64
\psframesep=\dimen390
) (D:\miktex\tex/generic/pstricks\pst-code-arc.tex) (D:\miktex\tex/generic/pstricks\pst-code-circle_ellipse.tex) (D:\miktex\tex/generic/pstricks\pst-code-ref_rot.tex) (D:\miktex\tex/generic/pstricks\pst-code-put.tex
\pslabelsep=\dimen391
) (D:\miktex\tex/generic/pstricks\pst-code-pspicture.tex
\sh@wgridXunit=\dimen392
\sh@wgridYunit=\dimen393
\pst@shift=\dimen394
\ps@imagectr=\count432
) (D:\miktex\tex/generic/pstricks\pstricks.con))
File: pstricks.tex 2025/12/13 v3.22A `PSTricks' (tvz,hv)
 (D:\miktex\tex/generic/pstricks\pst-fp.tex `pst-fp' v0.06, 2020/11/20 (hv))
File: pst-fp.tex 2020/11/20 v0.06 `PST-fp' (hv)
) (D:\miktex\tex/latex/pstricks-add\pstricks-add.sty (D:\miktex\tex/latex/pst-plot\pst-plot.sty
Package: pst-plot 2011/06/05 v1.00 LaTeX wrapper for `pst-plot' (HV)
 (D:\miktex\tex/latex/xkeyval\pst-xkey.sty
Package: pst-xkey 2005/11/25 v1.6 package wrapper for pst-xkey.tex (HA)
) (D:\miktex\tex/latex/multido\multido.sty
Package: multido 2004/05/17 package wrapper for PSTricks `multido.tex', (HV/RN)
 (D:\miktex\tex/generic/multido\multido.tex  v1.42, 2010/05/14 <tvz>
\multido@count=\count433
\multidocount=\count434
\multido@stuff=\toks65
)
File: multido.tex 2010/05/14 v1.42 `multido' (tvz,hv)
)
Package: pst-plot 2021/09/23 package wrapper for pst-plot.tex (hv)
 (D:\miktex\tex/generic/pst-plot\pst-plot.tex (D:\miktex\tex/generic/pst-tools\pst-tools.tex `PST-tools' v0.12, 2021/09/23 (hv)
\randomi=\count435
\ranval=\count436
) (D:\miktex\tex/generic/pstricks-add\pstricks-add.tex (D:\miktex\tex/generic/pst-node\pst-node.tex  v1.44, 2024/07/04
\psrow=\count437
\pscol=\count438
\psmatrixcnt=\count439
\psrowsep=\skip146
\pscolsep=\skip147
\pst@args=\count440
\num@pts=\count441
\pst@argcnt=\count442
) (D:\miktex\tex/generic/pst-arrow\pst-arrow.tex `pst-arrow' v0.05, 2021/11/16 (dr,hv)) (D:\miktex\tex/generic/pst-3d\pst-3d.tex `PST-3d' v1.11, 2010/02/14 (tvz)) (D:\miktex\tex/generic/pst-math\pst-math.tex `pst-math' v0.67 , (CJ,hv)) `pstricks-add' v3.94, 2023/04/17 (dr,hv)
\psparallelogramsep=\dimen395
\pst@cntC=\count443
\pst@stepcount=\count444
\chart@ColorIndex=\dimen396
\chart@ColorStep=\dimen397
\pst@chartHeight=\dimen398
\pst@chartStackDepth=\dimen399
\pst@chartStackWidth=\dimen400
\chart@Toggle=\count445
\psVectorCtr=\count446
)  v1.94, 2022/11/21 (tvz,hv)
\pstRadUnit=\dimen401
\pstRadUnitInv=\dimen402
\pst@linecnt=\count447
\RCD@file=\read5
\psxlabelsep=\dimen403
\psylabelsep=\dimen404
\psk@subticksize=\dimen405
\pst@xticksizeA=\dimen406
\pst@xticksizeB=\dimen407
\pst@xticksizeC=\dimen408
\pst@yticksizeA=\dimen409
\pst@yticksizeB=\dimen410
\pst@yticksizeC=\dimen411
\@digitcounter=\count448
\psk@llx=\dimen412
\psk@lly=\dimen413
\psk@urx=\dimen414
\psk@ury=\dimen415
\pst@xunit=\dimen416
\pst@yunit=\dimen417
)
File: pst-plot.tex 2022/11/21 1.94 `pst-plot' (tvz,hv)
) (D:\miktex\tex/latex/pst-node\pst-node.sty
Package: pst-node 2012/09/18 v1.01 LaTeX wrapper for `pst-node' (HV)
Package: pst-node 2010/04/22 package wrapper for pst-node.tex
 (D:\miktex\tex/generic/pst-node\pst-node.tex)
File: pst-node.tex 2022/11/21 1.94 `pst-node' (tvz,hv)
) (D:\miktex\tex/latex/pst-3d\pst-3d.sty
Package: pst-3d 2009/07/28 package wrapper for pst-3d.tex (hv)
 (D:\miktex\tex/generic/pst-3d\pst-3d.tex)
File: pst-3d.tex 2022/11/21 v1.94 `PST-3d' (hv)
) (D:\miktex\tex/latex/pst-math\pst-math.sty
Package: pst-math 2023/07/03 v 0.67 package wrapper for PSTricks pst-math.tex
 (D:\miktex\tex/latex/pst-calculate\pst-calculate.sty
Package: pst-calculate 2019/01/24 v. 0.02(Herbert Voss) Support for caculations with floating point numbers.
) (D:\miktex\tex/generic/iftex\ifluatex.sty
Package: ifluatex 2019/10/25 v1.5 ifluatex legacy package. Use iftex instead.
) (D:\miktex\tex/latex/xstring\xstring.sty (D:\miktex\tex/generic/xstring\xstring.tex
\xs_counta=\count449
\xs_countb=\count450
)
Package: xstring 2023/08/22 v1.86 String manipulations (CT)
) (D:\miktex\tex/generic/pst-math\pst-math.tex)
File: pst-math.tex 2022/11/21 v1.94 `PST-math' (hv)
\c@Rand@No=\count451
\c@Random@Left=\count452
\c@Random@Right=\count453
\c@Random@No@max=\count454
)
Package: pstricks-add 2021/09/10 v. 0.17 package wrapper for pstricks-add.tex (hv)
 (D:\miktex\tex/generic/pstricks-add\pstricks-add.tex)
File: pstricks-add.tex 2022/11/21 v1.94 `PSTricks-add' (hv)
) (D:\miktex\tex/latex/pst-3dplot\pst-3dplot.sty
Package: pst-3dplot 2010/01/01 package wrapper for pst-3dplot.tex (hv)
 (D:\miktex\tex/generic/pst-3dplot\pst-3dplot.tex (D:\miktex\tex/generic/pst-node\pst-node.tex) (D:\miktex\tex/generic/multido\multido.tex  v1.42, 2010/05/14 <tvz>) `PST-3dplot' v2.09, 2023/11/01 (HV,DL)
\pst@dimf=\dimen418
\pst@cntx=\count455
\pst@cnty=\count456
\pst@cntz=\count457
\pst@dimx=\dimen419
\pst@dimy=\dimen420
\pst@dimz=\dimen421
\pst@dx=\dimen422
\pst@dy=\dimen423
\pszunit=\dimen424
)
File: pst-3dplot.tex 2023/11/01 v2.09 `PST-3dplot' (hv)
) (D:\miktex\tex/latex/tools\indentfirst.sty
Package: indentfirst 2023/07/02 v1.03 Indent first paragraph (DPC)
) (D:\miktex\tex/latex/hyperref\hyperref.sty
Package: hyperref 2025-05-20 v7.01m Hypertext links for LaTeX
 (D:\miktex\tex/generic/pdfescape\pdfescape.sty
Package: pdfescape 2019/12/09 v1.15 Implements pdfTeX's escape features (HO)
) (D:\miktex\tex/latex/hycolor\hycolor.sty
Package: hycolor 2020-01-27 v1.10 Color options for hyperref/bookmark (HO)
) (D:\miktex\tex/latex/hyperref\nameref.sty
Package: nameref 2023-11-26 v2.56 Cross-referencing by name of section
 (D:\miktex\tex/latex/refcount\refcount.sty
Package: refcount 2019/12/15 v3.6 Data extraction from label references (HO)
) (D:\miktex\tex/generic/gettitlestring\gettitlestring.sty
Package: gettitlestring 2019/12/15 v1.6 Cleanup title references (HO)
)
\c@section@level=\count458
) (D:\miktex\tex/generic/stringenc\stringenc.sty
Package: stringenc 2019/11/29 v1.12 Convert strings between diff. encodings (HO)
)
\@linkdim=\dimen425
\Hy@linkcounter=\count459
\Hy@pagecounter=\count460
 (D:\miktex\tex/latex/hyperref\pd1enc.def
File: pd1enc.def 2025-05-20 v7.01m Hyperref: PDFDocEncoding definition (HO)
Now handling font encoding PD1 ...
... no UTF-8 mapping file for font encoding PD1
) (D:\miktex\tex/generic/intcalc\intcalc.sty
Package: intcalc 2019/12/15 v1.3 Expandable calculations with integers (HO)
)
\Hy@SavedSpaceFactor=\count461
 (D:\miktex\tex/latex/hyperref\puenc.def
File: puenc.def 2025-05-20 v7.01m Hyperref: PDF Unicode definition (HO)
Now handling font encoding PU ...
... no UTF-8 mapping file for font encoding PU
)
Package hyperref Info: Option `colorlinks' set `true' on input line 4040.
Package hyperref Info: Hyper figures OFF on input line 4157.
Package hyperref Info: Link nesting OFF on input line 4162.
Package hyperref Info: Hyper index ON on input line 4165.
Package hyperref Info: Plain pages OFF on input line 4172.
Package hyperref Info: Backreferencing OFF on input line 4177.
Package hyperref Info: Implicit mode ON; LaTeX internals redefined.
Package hyperref Info: Bookmarks ON on input line 4424.
\c@Hy@tempcnt=\count462
LaTeX Info: Redefining \url on input line 4763.
\XeTeXLinkMargin=\dimen426
 (D:\miktex\tex/generic/bitset\bitset.sty
Package: bitset 2019/12/09 v1.3 Handle bit-vector datatype (HO)
 (D:\miktex\tex/generic/bigintcalc\bigintcalc.sty
Package: bigintcalc 2019/12/15 v1.5 Expandable calculations on big integers (HO)
))
\Fld@menulength=\count463
\Field@Width=\dimen427
\Fld@charsize=\dimen428
Package hyperref Info: Hyper figures OFF on input line 6042.
Package hyperref Info: Link nesting OFF on input line 6047.
Package hyperref Info: Hyper index ON on input line 6050.
Package hyperref Info: backreferencing OFF on input line 6057.
Package hyperref Info: Link coloring ON on input line 6060.
Package hyperref Info: Link coloring with OCG OFF on input line 6067.
Package hyperref Info: PDF/A mode OFF on input line 6072.
 (D:\miktex\tex/latex/base\atbegshi-ltx.sty
Package: atbegshi-ltx 2021/01/10 v1.0c Emulation of the original atbegshi
package with kernel methods
)
\Hy@abspage=\count464
\c@Item=\count465
\c@Hfootnote=\count466
)
Package hyperref Info: Driver (autodetected): hpdftex.
 (D:\miktex\tex/latex/hyperref\hpdftex.def
File: hpdftex.def 2025-05-20 v7.01m Hyperref driver for pdfTeX
\HyAnn@Count=\count467
\Fld@listcount=\count468
\c@bookmark@seq@number=\count469
 (D:\miktex\tex/latex/rerunfilecheck\rerunfilecheck.sty
Package: rerunfilecheck 2022-07-10 v1.10 Rerun checks for auxiliary files (HO)
 (D:\miktex\tex/latex/base\atveryend-ltx.sty
Package: atveryend-ltx 2020/08/19 v1.0a Emulation of the original atveryend package
with kernel methods
) (D:\miktex\tex/generic/uniquecounter\uniquecounter.sty
Package: uniquecounter 2019/12/15 v1.4 Provide unlimited unique counter (HO)
)
Package uniquecounter Info: New unique counter `rerunfilecheck' on input line 285.
)
\Hy@SectionHShift=\skip148
) (D:\miktex\tex/latex/base\fix-cm.sty
Package: fix-cm 2020/11/24 v1.1t fixes to LaTeX
 (D:\miktex\tex/latex/base\ts1enc.def
File: ts1enc.def 2001/06/05 v3.0e (jk/car/fm) Standard LaTeX file
LaTeX Font Info:    Redeclaring font encoding TS1 on input line 47.
)) (D:\miktex\tex/latex/tools\enumerate.sty
Package: enumerate 2023/07/04 v3.00 enumerate extensions (DPC)
\@enLab=\toks66
) (D:\miktex\tex/latex/paralist\paralist.sty
Package: paralist 2017/01/22 v2.7 Extended list environments
\pltopsep=\skip149
\plpartopsep=\skip150
\plitemsep=\skip151
\plparsep=\skip152
\pl@lab=\toks67
) (D:\miktex\tex/latex/placeins\placeins.sty
Package: placeins 2005/04/18  v 2.2
) (D:\miktex\tex/latex/float\float.sty
Package: float 2001/11/08 v1.3d Float enhancements (AL)
\c@float@type=\count470
\float@exts=\toks68
\float@box=\box154
\@float@everytoks=\toks69
\@floatcapt=\box155
) (D:\miktex\tex/generic/babel\babel.sty
Package: babel 2025/05/14 v25.9 The multilingual framework for pdfLaTeX, LuaLaTeX and XeLaTeX
\babel@savecnt=\count471
\U@D=\dimen429
\l@unhyphenated=\language79
 (D:\miktex\tex/generic/babel\txtbabel.def)
\bbl@readstream=\read6
\bbl@dirlevel=\count472

*************************************
* Local config file bblopts.cfg used
*
(D:\miktex\tex/latex/arabi\bblopts.cfg
File: bblopts.cfg 2005/09/08 v0.1 add Arabic and Farsi to "declared" options of babel
) (D:\miktex\tex/latex/babel-portuges\brazilian.ldf
Language: portuges 2021/07/09 v1.2t Portuguese support from the babel system
 (D:\miktex\tex/generic/babel/locale/pt\babel-brazilian.tex
Package babel Info: Importing font and identification data for brazilian
(babel)             from babel-pt-BR.ini. Reported on input line 11.
)
Package babel Info: Hyphen rules for 'brazilian' set to \l@portuguese
(babel)             (\language56). Reported on input line 111.
Package babel Info: Making " an active character on input line 143.
)) (D:\miktex\tex/latex/natbib\natbib.sty
Package: natbib 2010/09/13 8.31b (PWD, AO)
\bibhang=\skip153
\bibsep=\skip154
LaTeX Info: Redefining \cite on input line 694.
\c@NAT@ctr=\count473
) (D:\miktex\tex/latex/babelbib\babelbib.sty
Package: babelbib 2021/01/06 v1.34 babelbib: multilingual bibliographies
\c@btxromaniannumeral=\count474
) (D:\miktex\tex/latex/nomencl\nomencl.sty
Package: nomencl 2021/11/10 v5.6 Nomenclature package
 (D:\miktex\tex/latex/koma-script\tocbasic.sty
Package: tocbasic 2026/02/02 v3.49.2 KOMA-Script package (handling toc-files)
 (D:\miktex\tex/latex/koma-script\scrbase.sty
Package: scrbase 2026/02/02 v3.49.2 KOMA-Script package (KOMA-Script-independent basics and keyval usage)
 (D:\miktex\tex/latex/koma-script\scrlfile.sty
Package: scrlfile 2026/02/02 v3.49.2 KOMA-Script package (file load hooks)
 (D:\miktex\tex/latex/koma-script\scrlfile-hook.sty
Package: scrlfile-hook 2026/02/02 v3.49.2 KOMA-Script package (using LaTeX hooks)
 (D:\miktex\tex/latex/koma-script\scrlogo.sty
Package: scrlogo 2026/02/02 v3.49.2 KOMA-Script package (logo)
)))
Applying: [2021/05/01] Usage of raw or classic option list on input line 254.
Already applied: [0000/00/00] Usage of raw or classic option list on input line 370.
)
\scr@dte@tocline@numberwidth=\skip155
\scr@dte@tocline@numbox=\box156
)
Package tocbasic Info: setting babel extension for `nlo' on input line 187.
Package tocbasic Info: setting babel extension for `nls' on input line 188.
\nomlabelwidth=\dimen430
\nom@tempdim=\dimen431
\nomitemsep=\skip156
) (D:\miktex\tex/latex/psnfss\avant.sty
Package: avant 2020/03/25 PSNFSS-v9.3 (SPQR) 
) (D:\miktex\tex/latex/pdfpages\pdfpages.sty
Package: pdfpages 2026/03/30 v0.6h Insert pages of external PDF documents (AM)
 (D:\miktex\tex/latex/tools\calc.sty
Package: calc 2023/07/08 v4.3 Infix arithmetic (KKT,FJ)
\calc@Acount=\count475
\calc@Bcount=\count476
\calc@Adimen=\dimen432
\calc@Bdimen=\dimen433
\calc@Askip=\skip157
\calc@Bskip=\skip158
LaTeX Info: Redefining \setlength on input line 80.
LaTeX Info: Redefining \addtolength on input line 81.
\calc@Ccount=\count477
\calc@Cskip=\skip159
) (D:\miktex\tex/latex/eso-pic\eso-pic.sty
Package: eso-pic 2025/12/10 v3.0d eso-pic (RN)
\ESO@tempdima=\dimen434
\ESO@tempdimb=\dimen435
)
\AM@pagewidth=\dimen436
\AM@pageheight=\dimen437
\AM@fboxrule=\dimen438
 (D:\miktex\tex/latex/pdfpages\pppdftex.def
File: pppdftex.def 2026/03/30 v0.6h Pdfpages driver for pdfTeX (AM)
)
\pdfpages@includegraphics@status=\count478
\AM@pagebox=\box157
\AM@global@opts=\toks70
\AM@pagecnt=\count479
\AM@toc@title=\toks71
\AM@lof@heading=\toks72
\c@AM@survey=\count480
\AM@templatesizebox=\box158
)

Package geometry Warning: Over-specification in `h'-direction.
    `width' (483.69684pt) is ignored.


Package geometry Warning: Over-specification in `v'-direction.
    `height' (731.23573pt) is ignored.

\c@definicao=\count481
\c@teorema=\count482
\c@lema=\count483
\c@corolario=\count484
\c@proposicao=\count485
\c@postulado=\count486
\c@axioma=\count487
\c@conjectura=\count488
\c@caso=\count489
\c@observacao=\count490
\c@propriedade=\count491
Package hyperref Info: Option `unicode' set `true' on input line 344.
Package hyperref Info: Option `pdftoolbar' set `true' on input line 344.
Package hyperref Info: Option `pdfmenubar' set `true' on input line 344.
Package hyperref Info: Option `pdffitwindow' set `false' on input line 344.
Package hyperref Info: Option `pdfnewwindow' set `true' on input line 344.
Package hyperref Info: Option `colorlinks' set `true' on input line 344.
)
\@nomenclaturefile=\write5
\openout5 = `principal.nlo'.

Package nomencl Info: Writing nomenclature file principal.nlo on input line 18.

No file principal.aux.
\openout1 = `principal.aux'.

LaTeX Font Info:    Checking defaults for OML/cmm/m/it on input line 22.
LaTeX Font Info:    ... okay on input line 22.
LaTeX Font Info:    Checking defaults for OMS/cmsy/m/n on input line 22.
LaTeX Font Info:    ... okay on input line 22.
LaTeX Font Info:    Checking defaults for OT1/cmr/m/n on input line 22.
LaTeX Font Info:    ... okay on input line 22.
LaTeX Font Info:    Checking defaults for T1/cmr/m/n on input line 22.
LaTeX Font Info:    ... okay on input line 22.
LaTeX Font Info:    Checking defaults for TS1/cmr/m/n on input line 22.
LaTeX Font Info:    ... okay on input line 22.
LaTeX Font Info:    Checking defaults for OMX/cmex/m/n on input line 22.
LaTeX Font Info:    ... okay on input line 22.
LaTeX Font Info:    Checking defaults for U/cmr/m/n on input line 22.
LaTeX Font Info:    ... okay on input line 22.
LaTeX Font Info:    Checking defaults for PD1/pdf/m/n on input line 22.
LaTeX Font Info:    ... okay on input line 22.
LaTeX Font Info:    Checking defaults for PU/pdf/m/n on input line 22.
LaTeX Font Info:    ... okay on input line 22.
\c@lstlisting=\count492
Package tocbasic Info: setting babel extension for `lol' on input line 22.
(D:\miktex\tex/context/base/mkii\supp-pdf.mkii
[Loading MPS to PDF converter (version 2006.09.02).]
\scratchcounter=\count493
\scratchdimen=\dimen439
\scratchbox=\box159
\nofMPsegments=\count494
\nofMParguments=\count495
\everyMPshowfont=\toks73
\MPscratchCnt=\count496
\MPscratchDim=\dimen440
\MPnumerator=\count497
\makeMPintoPDFobject=\count498
\everyMPtoPDFconversion=\toks74
) (D:\miktex\tex/latex/epstopdf-pkg\epstopdf-base.sty
Package: epstopdf-base 2020-01-24 v2.11 Base part for package epstopdf
Package epstopdf-base Info: Redefining graphics rule for `.eps' on input line 485.
 (D:\miktex\tex/latex/00miktex\epstopdf-sys.cfg
File: epstopdf-sys.cfg 2021/03/18 v2.0 Configuration of epstopdf for MiKTeX
))
*geometry* detected driver: dvips
*geometry* verbose mode - [ preamble ] result:
* driver: dvips
* paper: a4paper
* layout: <same size as paper>
* layoutoffset:(h,v)=(0.0pt,0.0pt)
* hratio: 1:1
* vratio: 1:1
* modes: twoside 
* h-part:(L,W,R)=(85.35826pt, 455.24411pt, 56.9055pt)
* v-part:(T,H,B)=(85.35826pt, 702.78308pt, 56.9055pt)
* \paperwidth=597.50787pt
* \paperheight=845.04684pt
* \textwidth=455.24411pt
* \textheight=702.78308pt
* \oddsidemargin=13.08827pt
* \evensidemargin=-15.36449pt
* \topmargin=-18.78552pt
* \headheight=12.0pt
* \headsep=19.8738pt
* \topskip=12.0pt
* \footskip=30.0pt
* \marginparwidth=98.0pt
* \marginparsep=7.0pt
* \columnsep=10.0pt
* \skip\footins=10.8pt plus 4.0pt minus 2.0pt
* \hoffset=0.0pt
* \voffset=0.0pt
* \mag=1000
* \@twocolumnfalse
* \@twosidetrue
* \@mparswitchtrue
* \@reversemarginfalse
* (1in=72.27pt=25.4mm, 1cm=28.453pt)

(D:\miktex\tex/latex/translations/dicts\translations-basic-dictionary-brazil.trsl
File: translations-basic-dictionary-brazil.trsl (brazil translation file `translations-basic-dictionary')
)
Package translations Info: loading dictionary `translations-basic-dictionary' for `brazil'. on input line 22.
\symgns@font=\mathgroup13
LaTeX Font Info:    Overwriting symbol font `gns@font' in version `bold'
(Font)                  TS1/ptm/m/n --> TS1/ptm/b/n on input line 22.
Package gensymb Info: Math companion symbols declared on input line 22.
LaTeX Info: Redefining \degree on input line 22.
LaTeX Info: Redefining \celsius on input line 22.
Package gensymb Info: Using text companion symbols for \degree, \celsius and \perthousand on input line 22.
LaTeX Info: Redefining \ohm on input line 22.
Package gensymb Info: Using \textohm for \ohm on input line 22.
LaTeX Info: Redefining \micro on input line 22.
Package gensymb Info: Using \textmu for \micro on input line 22.
Package caption Info: Begin \AtBeginDocument code.
Package caption Info: subfig package v1.3 is loaded.
Package caption Info: float package is loaded.
Package caption Info: hyperref package is loaded.
Package caption Info: End \AtBeginDocument code.
Package hyperref Info: Link coloring ON on input line 22.
\@outlinefile=\write6
\openout6 = `principal.out'.

Package babel Info: 'brazilian' activates 'portuges' shorthands.
(babel)             Reported  on input line 22.

babelbib: Set bibliography fall-back language to brazilian
babelbib: portuguese.bdf loaded because language portuguese defined.
(D:\miktex\tex/latex/babelbib\portuguese.bdf
File: portuguese.bdf 2021/01/06 v1.34 babelbib: multilingual bibliographies

babelbib extension \btxifchangecaseoff added to \extrasbrazilian
)
babelbib: Load BibTeX extensions \bibsbrazilian for brazilian
babelbib: Set language for keywords in the bibliography fixed to brazilian
(D:\miktex\tex/latex/pdflscape\pdflscape.sty
Package: pdflscape 2022-10-27 v0.13 Display of landscape pages in PDF
 (D:\miktex\tex/latex/pdflscape\pdflscape-nometadata.sty
Package: pdflscape-nometadata 2022-10-28 v0.13 Display of landscape pages in PDF (HO)
 (D:\miktex\tex/latex/graphics\lscape.sty
Package: lscape 2020/05/28 v3.02 Landscape Pages (DPC)
)
Package pdflscape Info: Auto-detected driver: pdftex on input line 81.
))
LaTeX Font Info:    Trying to load font information for U+msa on input line 67.
 (D:\miktex\tex/latex/amsfonts\umsa.fd
File: umsa.fd 2013/01/14 v3.01 AMS symbols A
)
LaTeX Font Info:    Trying to load font information for U+msb on input line 67.
 (D:\miktex\tex/latex/amsfonts\umsb.fd
File: umsb.fd 2013/01/14 v3.01 AMS symbols B
)
LaTeX Font Info:    Font shape `U/lasy/b/n' in size <8> not available
(Font)              Font shape `U/lasy/m/n' tried instead on input line 67.
LaTeX Font Info:    Font shape `U/lasy/b/n' in size <6> not available
(Font)              Font shape `U/lasy/m/n' tried instead on input line 67.
LaTeX Font Info:    Trying to load font information for U+rsfs on input line 67.
 (D:\miktex\tex/latex/jknappen\ursfs.fd
File: ursfs.fd 1998/03/24 rsfs font definition file (jk)
)
LaTeX Font Info:    Trying to load font information for U+esint on input line 67.
 (D:\miktex\tex/latex/esint\uesint.fd
File: uesint.fd 
)
LaTeX Font Info:    Trying to load font information for TS1+ptm on input line 67.
 (D:\miktex\tex/latex/psnfss\ts1ptm.fd
File: ts1ptm.fd 2001/06/04 font definitions for TS1/ptm.
)
<imagens/logo-ufu.pdf, id=6, 75.28125pt x 75.28125pt>
File: imagens/logo-ufu.pdf Graphic file (type pdf)
<use imagens/logo-ufu.pdf>
Package pdftex.def Info: imagens/logo-ufu.pdf  used on input line 67.
(pdftex.def)             Requested size: 52.6965pt x 52.6965pt.
LaTeX Font Info:    Font shape `U/lasy/b/n' in size <7> not available
(Font)              Font shape `U/lasy/m/n' tried instead on input line 67.


[1
Non-PDF special ignored!
<special> header=pstricks.pro
Non-PDF special ignored!
<special> header=pst-algparser.pro
Non-PDF special ignored!
<special> header=pst-tools.pro
Non-PDF special ignored!
<special> header=pst-dots.pro
Non-PDF special ignored!
<special> header=pst-node.pro
Non-PDF special ignored!
<special> header=pst-3d.pro
Non-PDF special ignored!
<special> header=pst-math.pro
Non-PDF special ignored!
<special> header=pstricks-add.pro
Non-PDF special ignored!
<special> header=pst-3dplot.pro
Non-PDF special ignored!
<special> papersize=597.50787pt,845.04684pt

Non-PDF special ignored!
<special> ps: /pssetRGBcolor /setrgbcolor load def /pssetCMYKcolor /setcmyk...
Non-PDF special ignored!
<special> ps:tx@Dict begin  gsave STV CP T /ps@rot 0 def grestore  end
Non-PDF special ignored!
<special> ps:tx@Dict begin  gsave STV CP T /ps@refangle 0.  def grestore  e...
Non-PDF special ignored!
<special> ps:tx@Dict begin  gsave STV CP T /ps@rot 0 def grestore  end

{C:/Users/luise/AppData/Local/MiKTeX/fonts/map/pdftex/pdftex.map}{D:/miktex/fonts/enc/dvips/base/8r.enc} <./imagens/logo-ufu.pdf>]


pdfTeX warning (ext4): destination with the same identifier (name{page.1}) has been already used, duplicate ignored
<to be read again> 
                   \relax 
l.67 {banca 3}
               [1

]
File: imagens/logo-ufu.pdf Graphic file (type pdf)
<use imagens/logo-ufu.pdf>
Package pdftex.def Info: imagens/logo-ufu.pdf  used on input line 67.
(pdftex.def)             Requested size: 52.6965pt x 52.6965pt.



pdfTeX warning (ext4): destination with the same identifier (name{page.1}) has been already used, duplicate ignored
<to be read again> 
                   \relax 
l.67 {banca 3}
               [1

] (simbolos.tex) (agradecimentos.tex
Underfull \hbox (badness 10000) in paragraph at lines 15--16

 []


Underfull \hbox (badness 10000) in paragraph at lines 17--18

 []


Underfull \hbox (badness 10000) in paragraph at lines 19--20

 []


Underfull \hbox (badness 10000) in paragraph at lines 21--22

 []


Underfull \hbox (badness 10000) in paragraph at lines 23--24

 []


Underfull \hbox (badness 10000) in paragraph at lines 25--26

 []


Underfull \hbox (badness 10000) in paragraph at lines 27--28

 []


Underfull \hbox (badness 10000) in paragraph at lines 29--30

 []


Underfull \hbox (badness 10000) in paragraph at lines 31--32

 []


Underfull \hbox (badness 10000) in paragraph at lines 33--34

 []


Underfull \hbox (badness 10000) in paragraph at lines 35--36

 []



[2


]) (epigrafe.tex) (resumo.tex

[3

]
Underfull \hbox (badness 10000) in paragraph at lines 22--23

 []



[4

]) (abstract.tex
Underfull \hbox (badness 10000) in paragraph at lines 22--23

 []



[5


])
No file principal.toc.
\tf@toc=\write7
\openout7 = `principal.toc'.



[6


]
No file principal.lof.
\tf@lof=\write8
\openout8 = `principal.lof'.



[1


]
No file principal.lot.
\tf@lot=\write9
\openout9 = `principal.lot'.



[2


]
No file principal.nls.
(textual/introducao.tex
Cap\'{\i }tulo 1.
) (textual/Modelo-fisico.tex

Package babel Info: 'brazilian' activates 'portuges' shorthands.
(babel)             Reported  on input line 5.

pdfTeX warning (ext4): destination with the same identifier (name{page.1}) has been already used, duplicate ignored
<to be read again> 
                   \relax 
l.5 \chapter{Modelos Físicos}
                               [1




]
Cap\'{\i }tulo 2.

LaTeX Warning: Reference `Couettefisico' on page 2 undefined on input line 11.


Package natbib Warning: Citation `Gibson2008' on page 2 undefined on input line 11.


Package natbib Warning: Citation `Case1960' on page 2 undefined on input line 11.


Package natbib Warning: Citation `Orszag1980' on page 2 undefined on input line 11.


Package natbib Warning: Citation `Bottin1998' on page 2 undefined on input line 11.


Package natbib Warning: Citation `Barkley2007' on page 2 undefined on input line 11.

<imagens/Couette-fisico.png, id=64, 1445.4pt x 813.0375pt>
File: imagens/Couette-fisico.png Graphic file (type png)
<use imagens/Couette-fisico.png>
Package pdftex.def Info: imagens/Couette-fisico.png  used on input line 17.
(pdftex.def)             Requested size: 318.66948pt x 179.25339pt.



pdfTeX warning (ext4): destination with the same identifier (name{page.2}) has been already used, duplicate ignored
<to be read again> 
                   \relax 
l.24 
      [2

 <./imagens/Couette-fisico.png (PNG copy)>]

Package natbib Warning: Citation `Thomas1953' on page 3 undefined on input line 35.


Package natbib Warning: Citation `Bharti2007' on page 3 undefined on input line 35.


LaTeX Warning: Reference `poiseuillefisico' on page 3 undefined on input line 37.

<imagens/Poiseulle-fisico.png, id=72, 1445.4pt x 813.0375pt>
File: imagens/Poiseulle-fisico.png Graphic file (type png)
<use imagens/Poiseulle-fisico.png>
Package pdftex.def Info: imagens/Poiseulle-fisico.png  used on input line 41.
(pdftex.def)             Requested size: 273.14923pt x 153.64752pt.



pdfTeX warning (ext4): destination with the same identifier (name{page.3}) has been already used, duplicate ignored
<to be read again> 
                   \relax 
l.49 
      [3 <./imagens/Poiseulle-fisico.png (PNG copy)>]
Underfull \hbox (badness 1348) in paragraph at lines 56--56
|[]\T1/ptm/b/sc/17.28 Escoamento em Ca-vi-dade com Tampa Des-li-
 []


LaTeX Warning: Reference `lid-drivenfisico' on page 4 undefined on input line 60.

<imagens/LId-driven-Fisico.png, id=80, 1445.4pt x 813.0375pt>
File: imagens/LId-driven-Fisico.png Graphic file (type png)
<use imagens/LId-driven-Fisico.png>
Package pdftex.def Info: imagens/LId-driven-Fisico.png  used on input line 64.
(pdftex.def)             Requested size: 295.90588pt x 166.43805pt.

LaTeX Warning: `h' float specifier changed to `ht'.


Package natbib Warning: Citation `Santos2022' on page 4 undefined on input line 74.


Package natbib Warning: Citation `Vasconcellos2024' on page 4 undefined on input line 74.


Package natbib Warning: Citation `Ghia1982' on page 4 undefined on input line 74.




pdfTeX warning (ext4): destination with the same identifier (name{page.4}) has been already used, duplicate ignored
<to be read again> 
                   \relax 
l.77 \section
             {Escoamento em Cavidade Diferencialmente Aquecida} [4]
Underfull \hbox (badness 2237) in paragraph at lines 77--77
|[]\T1/ptm/b/sc/17.28 Escoamento em Ca-vi-dade Di-fe-ren-ci-al-mente
 []


LaTeX Warning: Reference `thermal-fisico' on page 5 undefined on input line 81.

<imagens/thermal-fisico.png, id=86, 1445.4pt x 813.0375pt>
File: imagens/thermal-fisico.png Graphic file (type png)
<use imagens/thermal-fisico.png>
Package pdftex.def Info: imagens/thermal-fisico.png  used on input line 85.
(pdftex.def)             Requested size: 295.90588pt x 166.43805pt.



pdfTeX warning (ext4): destination with the same identifier (name{page.5}) has been already used, duplicate ignored
<to be read again> 
                   \relax 
l.94 
      [5 <./imagens/LId-driven-Fisico.png (PNG copy)> <./imagens/thermal-fisico.png (PNG copy)>]) (textual/Modelo-matematico.tex


pdfTeX warning (ext4): destination with the same identifier (name{page.6}) has been already used, duplicate ignored
<to be read again> 
                   \relax 
l.2 \chapter{Modelo Matemático Diferencial}
                                             [6]
Cap\'{\i }tulo 3.

Package natbib Warning: Citation `Aristeu2020' on page 7 undefined on input line 4.


Package natbib Warning: Citation `Fortuna2000' on page 7 undefined on input line 6.


Package natbib Warning: Citation `Aristeu2020' on page 7 undefined on input line 8.


Package natbib Warning: Citation `Fortuna2000' on page 7 undefined on input line 8.


Package natbib Warning: Citation `Bird1987' on page 7 undefined on input line 8.


Package natbib Warning: Citation `White2011' on page 7 undefined on input line 8.


Package natbib Warning: Citation `Malalasekera2007' on page 7 undefined on input line 8.


LaTeX Warning: Reference `eq:Equação da continuidade' on page 7 undefined on input line 8.


LaTeX Warning: Reference `eq:continuidade-completa' on page 7 undefined on input line 17.


Package natbib Warning: Citation `Aristeu2020' on page 7 undefined on input line 24.


Package natbib Warning: Citation `Aristeu2020' on page 7 undefined on input line 24.


Package natbib Warning: Citation `Fortuna2000' on page 7 undefined on input line 24.


Package natbib Warning: Citation `Bird1987' on page 7 undefined on input line 24.


Package natbib Warning: Citation `Fortuna2000' on page 7 undefined on input line 24.


Package natbib Warning: Citation `White2011' on page 7 undefined on input line 24.


Package natbib Warning: Citation `Aristeu2020' on page 7 undefined on input line 24.



[7

]

Package natbib Warning: Citation `Aristeu2020' on page 8 undefined on input line 26.


LaTeX Warning: Reference `eq:tensor-pi' on page 8 undefined on input line 28.


LaTeX Warning: Reference `eq:tensor-pi' on page 8 undefined on input line 35.


LaTeX Warning: Reference `eq:tensor-p' on page 8 undefined on input line 35.


LaTeX Warning: Reference `eq:tensor-pi' on page 8 undefined on input line 42.


LaTeX Warning: Reference `balanço-termico' on page 8 undefined on input line 44.


LaTeX Warning: Reference `balanço-termico' on page 8 undefined on input line 51.


Package natbib Warning: Citation `Aristeu2020' on page 8 undefined on input line 51.


Package natbib Warning: Citation `wylen2016' on page 8 undefined on input line 51.



[8]

Package natbib Warning: Citation `Bird1987' on page 9 undefined on input line 57.


Package natbib Warning: Citation `White2011' on page 9 undefined on input line 57.


LaTeX Warning: Reference `eq:continuidade-reduzida' on page 9 undefined on input line 57.


LaTeX Warning: Reference `eq:definição rho' on page 9 undefined on input line 57.


Package natbib Warning: Citation `Bird1987' on page 9 undefined on input line 68.


LaTeX Warning: Reference `eq:gama-definição' on page 9 undefined on input line 68.


LaTeX Warning: Reference `eq:gama-bidimensional' on page 9 undefined on input line 75.


Package natbib Warning: Citation `White2011' on page 9 undefined on input line 82.



[9]

LaTeX Warning: Reference `nn-white' on page 10 undefined on input line 86.

<imagens/white-viscosidade-pag43.png, id=125, 352.31625pt x 368.1253pt>
File: imagens/white-viscosidade-pag43.png Graphic file (type png)
<use imagens/white-viscosidade-pag43.png>
Package pdftex.def Info: imagens/white-viscosidade-pag43.png  used on input line 91.
(pdftex.def)             Requested size: 182.09486pt x 190.2635pt.

Package natbib Warning: Citation `White2011' on page 10 undefined on input line 94.


Package natbib Warning: Citation `White2011' on page 10 undefined on input line 98.


Package natbib Warning: Citation `White2011' on page 10 undefined on input line 100.


LaTeX Warning: Reference `tensor-tau' on page 10 undefined on input line 104.



[10 <./imagens/white-viscosidade-pag43.png>]

Package natbib Warning: Citation `Bird1987' on page 11 undefined on input line 113.


LaTeX Warning: Reference `nn-bird' on page 11 undefined on input line 115.


Package natbib Warning: Citation `Bird1987' on page 11 undefined on input line 115.

<imagens/bird-viscosidade-cap4.png, id=134, 304.0158pt x 295.3434pt>
File: imagens/bird-viscosidade-cap4.png Graphic file (type png)
<use imagens/bird-viscosidade-cap4.png>
Package pdftex.def Info: imagens/bird-viscosidade-cap4.png  used on input line 119.
(pdftex.def)             Requested size: 227.62206pt x 221.13745pt.
LaTeX Font Info:    Font shape `U/lasy/b/n' in size <5> not available
(Font)              Font shape `U/lasy/m/n' tried instead on input line 121.

Package natbib Warning: Citation `Bird1987' on page 11 undefined on input line 123.


Package natbib Warning: Citation `Bird1987' on page 11 undefined on input line 126.



[11 <./imagens/bird-viscosidade-cap4.png>]

Package natbib Warning: Citation `Bird1987' on page 12 undefined on input line 130.


Package natbib Warning: Citation `Vasconcellos2024' on page 12 undefined on input line 130.


Package natbib Warning: Citation `Bird1987' on page 12 undefined on input line 132.


LaTeX Warning: Reference `lei de potencia' on page 12 undefined on input line 132.


Package natbib Warning: Citation `Vasconcellos2024' on page 12 undefined on input line 149.


Package natbib Warning: Citation `Aristeu2020' on page 12 undefined on input line 155.


Package natbib Warning: Citation `Bird1987' on page 12 undefined on input line 155.


Package natbib Warning: Citation `Vasconcellos2024' on page 12 undefined on input line 155.



[12]

Package natbib Warning: Citation `Vasconcellos2024' on page 13 undefined on input line 157.


LaTeX Warning: Reference `matriz A genérica' on page 13 undefined on input line 157.


LaTeX Warning: Reference `invariariante 1 aristeu' on page 13 undefined on input line 164.


LaTeX Warning: Reference `invariariante 3 aristeu' on page 13 undefined on input line 164.


Package natbib Warning: Citation `Aristeu2020' on page 13 undefined on input line 164.


Package natbib Warning: Citation `Bird1987' on page 13 undefined on input line 174.


LaTeX Warning: Reference `invariante 1 bird' on page 13 undefined on input line 174.


LaTeX Warning: Reference `invariante 3 bird' on page 13 undefined on input line 174.


Package natbib Warning: Citation `Vasconcellos2024' on page 13 undefined on input line 184.


LaTeX Warning: Reference `gama-nu' on page 13 undefined on input line 184.


Package natbib Warning: Citation `Bird1987' on page 13 undefined on input line 191.



[13]

Package natbib Warning: Citation `Vasconcellos2024' on page 14 undefined on input line 193.


LaTeX Warning: Reference `eq:gama-bidimensional' on page 14 undefined on input line 195.


LaTeX Warning: Reference `gama-bidi-aberto' on page 14 undefined on input line 195.


Underfull \hbox (badness 4454) in paragraph at lines 204--204
|[]\T1/ptm/b/sc/17.28 Aproxima��o de Oberbeck-Boussinesq para
 []


Package natbib Warning: Citation `borgnakke2018' on page 14 undefined on input line 208.


Package natbib Warning: Citation `Bird1987' on page 14 undefined on input line 208.


Package natbib Warning: Citation `boussinesq1903' on page 14 undefined on input line 210.


Package natbib Warning: Citation `oberbeck1888' on page 14 undefined on input line 210.


Package natbib Warning: Citation `Santos2022' on page 14 undefined on input line 210.


Package natbib Warning: Citation `Santos2022' on page 14 undefined on input line 210.


LaTeX Warning: Reference `balanço com energia termica' on page 14 undefined on input line 212.


LaTeX Warning: Reference `delta T' on page 14 undefined on input line 212.


Package natbib Warning: Citation `borgnakke2018' on page 14 undefined on input line 219.



[14]

Package natbib Warning: Citation `Bird1987' on page 15 undefined on input line 221.


Package natbib Warning: Citation `White2011' on page 15 undefined on input line 227.


LaTeX Warning: Reference `numero de Reynolds' on page 15 undefined on input line 227.


Package natbib Warning: Citation `maliska2023' on page 15 undefined on input line 234.


Package natbib Warning: Citation `Madlener2009' on page 15 undefined on input line 238.


LaTeX Warning: Reference `reynolds não newtoniano' on page 15 undefined on input line 238.



[15]

Package natbib Warning: Citation `Santos2022' on page 16 undefined on input line 252.


LaTeX Warning: Reference `prandt' on page 16 undefined on input line 252.


Package natbib Warning: Citation `White2011' on page 16 undefined on input line 261.


LaTeX Warning: Reference `grashof' on page 16 undefined on input line 261.


Package natbib Warning: Citation `White2011' on page 16 undefined on input line 270.


Package natbib Warning: Citation `White2011' on page 16 undefined on input line 270.


LaTeX Warning: Reference `rayleigh' on page 16 undefined on input line 270.


LaTeX Warning: Reference `delta T' on page 16 undefined on input line 277.


Package natbib Warning: Citation `Santos2022' on page 16 undefined on input line 279.


LaTeX Warning: Reference `ray alternativo' on page 16 undefined on input line 279.



[16]

LaTeX Warning: Reference `continuidade-completa' on page 17 undefined on input line 290.


LaTeX Warning: Reference `momentum-completa' on page 17 undefined on input line 290.

) (textual/Modelo Numérico-Matemático.tex

[17]
Cap\'{\i }tulo 4.

LaTeX Warning: Reference `malha deslocada' on page 18 undefined on input line 14.


LaTeX Warning: Reference `malha colocada' on page 18 undefined on input line 14.


Package natbib Warning: Citation `Malalasekera2007' on page 18 undefined on input line 14.

<imagens/modelo_de_malha.png, id=201, 1445.4pt x 813.0375pt>
File: imagens/modelo_de_malha.png Graphic file (type png)
<use imagens/modelo_de_malha.png>
Package pdftex.def Info: imagens/modelo_de_malha.png  used on input line 18.
(pdftex.def)             Requested size: 295.90588pt x 166.43805pt.

LaTeX Warning: Reference `malha deslocada' on page 18 undefined on input line 24.


Package natbib Warning: Citation `Fortuna2000' on page 18 undefined on input line 24.



[18

 <./imagens/modelo_de_malha.png>]

Package natbib Warning: Citation `Malalasekera2007' on page 19 undefined on input line 26.

<imagens/modelo_de_malha_colocada_ingrid.png, id=210, 1445.4pt x 813.0375pt>
File: imagens/modelo_de_malha_colocada_ingrid.png Graphic file (type png)
<use imagens/modelo_de_malha_colocada_ingrid.png>
Package pdftex.def Info: imagens/modelo_de_malha_colocada_ingrid.png  used on input line 30.
(pdftex.def)             Requested size: 295.90588pt x 166.43805pt.

Package natbib Warning: Citation `Malalasekera2007' on page 19 undefined on input line 36.


Package natbib Warning: Citation `Malalasekera2007' on page 19 undefined on input line 42.


Package natbib Warning: Citation `maliska2023' on page 19 undefined on input line 42.



[19 <./imagens/modelo_de_malha_colocada_ingrid.png>]

Package natbib Warning: Citation `Malalasekera2007' on page 20 undefined on input line 44.


Package natbib Warning: Citation `maliska2023' on page 20 undefined on input line 44.


LaTeX Warning: Reference `modelo de malha' on page 20 undefined on input line 46.

<imagens/malha-modelo-fantasma.png, id=218, 1445.4pt x 813.0375pt>
File: imagens/malha-modelo-fantasma.png Graphic file (type png)
<use imagens/malha-modelo-fantasma.png>
Package pdftex.def Info: imagens/malha-modelo-fantasma.png  used on input line 50.
(pdftex.def)             Requested size: 318.66948pt x 179.25339pt.

LaTeX Warning: Reference `direchlet' on page 20 undefined on input line 56.


LaTeX Warning: Reference `neumann' on page 20 undefined on input line 63.


LaTeX Warning: Reference `malha deslocada' on page 20 undefined on input line 72.


LaTeX Warning: Reference `definição de ij inicio' on page 20 undefined on input line 72.


LaTeX Warning: Reference `definição de ij fim' on page 20 undefined on input line 72.



[20 <./imagens/malha-modelo-fantasma.png>]

LaTeX Warning: Reference `energia-completa' on page 21 undefined on input line 92.


LaTeX Warning: Reference `energia-aberta' on page 21 undefined on input line 98.


LaTeX Warning: Reference `energia-temporal' on page 21 undefined on input line 105.


Package natbib Warning: Citation `Fortuna2000' on page 21 undefined on input line 112.


LaTeX Warning: Reference `advec-energia-integral' on page 21 undefined on input line 114.


Underfull \vbox (badness 1406) has occurred while \output is active []



[21
pdfTeX warning (ext4): destination with the same identifier (name{equation.4.8}) has been already used, duplicate ignored
<argument> ...shipout:D \box_use:N \l_shipout_box 
                                                  \__shipout_drop_firstpage_...
l.119 \end{equation}
                    
pdfTeX warning (ext4): destination with the same identifier (name{equation.4.8}) has been already used, duplicate ignored
<argument> ...shipout:D \box_use:N \l_shipout_box 
                                                  \__shipout_drop_firstpage_...
l.119 \end{equation}
                    ]

LaTeX Warning: Reference `energia-centradas-inicio' on page 22 undefined on input line 121.


LaTeX Warning: Reference `energia-centradas-fim' on page 22 undefined on input line 121.


LaTeX Warning: Reference `energia-centradas-inicio' on page 22 undefined on input line 130.


LaTeX Warning: Reference `energia-centradas-fim' on page 22 undefined on input line 130.


LaTeX Warning: Reference `advec-energia-integral' on page 22 undefined on input line 130.


LaTeX Warning: Reference `advec-desenvolvida' on page 22 undefined on input line 130.


Package natbib Warning: Citation `Malalasekera2007' on page 22 undefined on input line 137.


LaTeX Warning: Reference `termo-difusivo-aberto' on page 22 undefined on input line 139.


LaTeX Warning: Reference `cds-derivadas-inicio' on page 22 undefined on input line 145.


LaTeX Warning: Reference `cds-derivadas-fim' on page 22 undefined on input line 145.


LaTeX Warning: Reference `cds-derivadas-inicio' on page 22 undefined on input line 154.


LaTeX Warning: Reference `cds-derivadas-fim' on page 22 undefined on input line 154.


LaTeX Warning: Reference `termo-difusivo-aberto' on page 22 undefined on input line 154.


LaTeX Warning: Reference `termo-difusivo-completo' on page 22 undefined on input line 154.


Underfull \vbox (badness 2368) has occurred while \output is active []



[22]

LaTeX Warning: Reference `energia-temporal' on page 23 undefined on input line 161.


LaTeX Warning: Reference `advec-desenvolvida' on page 23 undefined on input line 161.


LaTeX Warning: Reference `termo-difusivo-completo' on page 23 undefined on input line 161.


LaTeX Warning: Reference `energia-completa-discretizada' on page 23 undefined on input line 161.


LaTeX Warning: Reference `energia-discretizada-ij' on page 23 undefined on input line 170.


Package natbib Warning: Citation `Aristeu2020' on page 23 undefined on input line 191.


LaTeX Warning: Reference `continuidade-completa' on page 23 undefined on input line 193.


LaTeX Warning: Reference `momentum-completa' on page 23 undefined on input line 193.



[23]

LaTeX Warning: Reference `continuidade-completa' on page 24 undefined on input line 200.


LaTeX Warning: Reference `continuidade - aberta' on page 24 undefined on input line 200.


pdfTeX warning (ext4): destination with the same identifier (name{equation.4.25}) has been already used, duplicate ignored
<to be read again> 
                   \relax 
l.202 \begin{equation}
                      
pdfTeX warning (ext4): destination with the same identifier (name{equation.4.25}) has been already used, duplicate ignored
<to be read again> 
                   \relax 
l.202 \begin{equation}
                      
pdfTeX warning (ext4): destination with the same identifier (name{equation.4.25}) has been already used, duplicate ignored
<to be read again> 
                   \relax 
l.202 \begin{equation}
                      
pdfTeX warning (ext4): destination with the same identifier (name{equation.4.25}) has been already used, duplicate ignored
<to be read again> 
                   \relax 
l.202 \begin{equation}
                      

Package natbib Warning: Citation `Malalasekera2007' on page 24 undefined on input line 209.


Package natbib Warning: Citation `Santos2022' on page 24 undefined on input line 209.


Underfull \hbox (badness 1259) in paragraph at lines 209--210
[]\T1/ptm/m/n/12 Metodologias como \T1/ptm/m/it/12 Semi-Implicit Method for Pressure-Linked Equa-ti-ons (SIM-PLE)\T1/ptm/m/n/12 ,
 []


LaTeX Warning: Reference `continuidade-correção' on page 24 undefined on input line 211.


LaTeX Warning: Reference `continuidade-correção-temporal' on page 24 undefined on input line 211.


LaTeX Warning: Reference `velocidade-real' on page 24 undefined on input line 220.


LaTeX Warning: Reference `velocidade-real-temporal' on page 24 undefined on input line 220.


LaTeX Warning: Reference `continuidade-correção-temporal' on page 24 undefined on input line 227.


LaTeX Warning: Reference `velocidade-real-temporal' on page 24 undefined on input line 227.


LaTeX Warning: Reference `correção de velocidade -nd' on page 24 undefined on input line 227.


LaTeX Warning: Reference `p=p-po' on page 24 undefined on input line 234.


Underfull \vbox (badness 1038) has occurred while \output is active []



[24]

LaTeX Warning: Reference `pl=p-p0' on page 25 undefined on input line 241.


LaTeX Warning: Reference `pl=p-p0' on page 25 undefined on input line 248.


LaTeX Warning: Reference `correção de velocidade -nd' on page 25 undefined on input line 248.


LaTeX Warning: Reference `correção-correta-nd' on page 25 undefined on input line 248.


LaTeX Warning: Reference `momentum-desenvolvimento' on page 25 undefined on input line 255.


LaTeX Warning: Reference `correção-pressão-completo' on page 25 undefined on input line 262.


LaTeX Warning: Reference `momentum-desenvolvimento' on page 25 undefined on input line 269.


LaTeX Warning: Reference `v=vl-p' on page 25 undefined on input line 269.


LaTeX Warning: Reference `correção-ul' on page 25 undefined on input line 276.


LaTeX Warning: Reference `correção-vl' on page 25 undefined on input line 276.


LaTeX Warning: Reference `continuidade-correção-temporal' on page 25 undefined on input line 288.



[25]

LaTeX Warning: Reference `correção-pressão-completo' on page 26 undefined on input line 292.


LaTeX Warning: Reference `v=vl-p' on page 26 undefined on input line 295.


LaTeX Warning: Reference `p=p-po' on page 26 undefined on input line 301.


LaTeX Warning: Reference `momentum-completa' on page 26 undefined on input line 309.


LaTeX Warning: Reference `momentum-u' on page 26 undefined on input line 309.


LaTeX Warning: Reference `momentum-v' on page 26 undefined on input line 309.


LaTeX Warning: Reference `termo difusivo - p1' on page 26 undefined on input line 316.


LaTeX Warning: Reference `termo difusivo - p2' on page 26 undefined on input line 316.


LaTeX Warning: Reference `momentum-u' on page 26 undefined on input line 324.


LaTeX Warning: Reference `momentum-v' on page 26 undefined on input line 324.


LaTeX Warning: Reference `momentum-cdifusivo-u' on page 26 undefined on input line 324.


LaTeX Warning: Reference `momentum-cdifusivo-v' on page 26 undefined on input line 324.


Overfull \hbox (18.10905pt too wide) detected at line 329
[]
 []



[26]

LaTeX Warning: Reference `temporal-u' on page 27 undefined on input line 333.


LaTeX Warning: Reference `temporal-v' on page 27 undefined on input line 333.


LaTeX Warning: Reference `discretização - advectivo - u' on page 27 undefined on input line 340.


LaTeX Warning: Reference `discretização - advectivo - v' on page 27 undefined on input line 340.


LaTeX Warning: Reference `discretização - px' on page 27 undefined on input line 347.


LaTeX Warning: Reference `discretização - py' on page 27 undefined on input line 347.


LaTeX Warning: Reference `difusivo - p1x' on page 27 undefined on input line 356.


LaTeX Warning: Reference `difusivo - p1y' on page 27 undefined on input line 356.


Underfull \vbox (badness 10000) has occurred while \output is active []



[27]

LaTeX Warning: Reference `difusivo - p2x' on page 28 undefined on input line 371.


LaTeX Warning: Reference `difusivo - p2y' on page 28 undefined on input line 371.


LaTeX Warning: Reference `temporal-u' on page 28 undefined on input line 388.


LaTeX Warning: Reference `discretização - advectivo - u' on page 28 undefined on input line 388.


LaTeX Warning: Reference `discretização - px' on page 28 undefined on input line 388.


LaTeX Warning: Reference `difusivo - p1x' on page 28 undefined on input line 388.


LaTeX Warning: Reference `difusivo - p2x' on page 28 undefined on input line 388.


LaTeX Warning: Reference `temporal-v' on page 28 undefined on input line 388.


LaTeX Warning: Reference `discretização - advectivo - v' on page 28 undefined on input line 388.


LaTeX Warning: Reference `discretização - py' on page 28 undefined on input line 388.


LaTeX Warning: Reference `difusivo - p1y' on page 28 undefined on input line 388.


LaTeX Warning: Reference `difusivo - p2y' on page 28 undefined on input line 388.


LaTeX Warning: Reference `continuidade-u-discretizada-completa' on page 28 undefined on input line 388.


LaTeX Warning: Reference `continuidade-v-discretizada-completa' on page 28 undefined on input line 388.



[28]

LaTeX Warning: Reference `discretizada-u-nomenclatura' on page 29 undefined on input line 416.


LaTeX Warning: Reference `discretizada-v-nomenclatura' on page 29 undefined on input line 416.


LaTeX Warning: Reference `correção-pressão-completo' on page 29 undefined on input line 433.


LaTeX Warning: Reference `p' - aberto' on page 29 undefined on input line 433.


Underfull \vbox (badness 10000) has occurred while \output is active []



[29]

LaTeX Warning: Reference `correção da pressão - aberta - discretizada' on page 30 undefined on input line 440.


Overfull \hbox (1.30191pt too wide) detected at line 456
[][][]\OML/cmm/m/it/12 p[] [] \OMS/cmsy/m/n/12 ^^@ []  ^^@ [] ^^@ [] ^^@ [] \OT1/cmr/m/n/12 =  [] []
 []


LaTeX Warning: Reference `chorin - vet' on page 30 undefined on input line 458.


LaTeX Warning: Reference `chorin - v' on page 30 undefined on input line 458.


LaTeX Warning: Reference `correção-velocidade-final-u' on page 30 undefined on input line 466.


LaTeX Warning: Reference `correção-velocidade-final-v' on page 30 undefined on input line 466.


Underfull \vbox (badness 10000) has occurred while \output is active []



[30]

LaTeX Warning: Reference `p = p' +p0 discreto' on page 31 undefined on input line 473.


Package natbib Warning: Citation `Fortuna2000' on page 31 undefined on input line 488.


LaTeX Warning: Reference `sistema gauss-seidel' on page 31 undefined on input line 490.


Package natbib Warning: Citation `Fortuna2000' on page 31 undefined on input line 503.



[31]

Package natbib Warning: Citation `Shewchuk1994' on page 32 undefined on input line 507.


Package natbib Warning: Citation `Courant1928' on page 32 undefined on input line 517.


LaTeX Warning: Reference `informação pulando de celula' on page 32 undefined on input line 517.



[32]
<imagens/informacao_pulando_de_celula.png, id=355, 1445.4pt x 813.0375pt>
File: imagens/informacao_pulando_de_celula.png Graphic file (type png)
<use imagens/informacao_pulando_de_celula.png>
Package pdftex.def Info: imagens/informacao_pulando_de_celula.png  used on input line 525.
(pdftex.def)             Requested size: 227.62206pt x 128.02927pt.


LaTeX Warning: Reference `gradientes - para - conferir ' on page 33 undefined on input line 531.

) (textual/Modelo-computacional.tex

[33 <./imagens/informacao_pulando_de_celula.png (PNG copy)>]
Cap\'{\i }tulo 5.

LaTeX Warning: Reference `Couettefisico' on page 34 undefined on input line 14.


LaTeX Warning: Reference `contorno - couette' on page 34 undefined on input line 16.


LaTeX Warning: Reference `propriedades - couette' on page 34 undefined on input line 42.



[34

]

LaTeX Warning: Reference `Couettenumerico' on page 35 undefined on input line 67.

<imagens/Couette-computacional.png, id=371, 1445.4pt x 813.0375pt>
File: imagens/Couette-computacional.png Graphic file (type png)
<use imagens/Couette-computacional.png>
Package pdftex.def Info: imagens/Couette-computacional.png  used on input line 71.
(pdftex.def)             Requested size: 318.66948pt x 179.25339pt.

LaTeX Warning: Reference `contorno - Poiseuille' on page 35 undefined on input line 79.


Underfull \vbox (badness 10000) has occurred while \output is active []



[35 <./imagens/Couette-computacional.png (PNG copy)>]

LaTeX Warning: Reference `Poiseuillenumerico' on page 36 undefined on input line 107.

<imagens/Poiseulle-numerico.png, id=379, 1445.4pt x 813.0375pt>
File: imagens/Poiseulle-numerico.png Graphic file (type png)
<use imagens/Poiseulle-numerico.png>
Package pdftex.def Info: imagens/Poiseulle-numerico.png  used on input line 111.
(pdftex.def)             Requested size: 227.62206pt x 128.02927pt.

LaTeX Warning: Reference `propriedades - Poiseuille' on page 36 undefined on input line 117.

textual/Modelo-computacional.tex:127: Undefined control sequence.
<argument> ...\l_siunitx_quantity_prefix_mode_str 
                                                  :n
l.127 ...r ($v_{ref}$) & \SI{1}{\meter\per\second}
                                                   \\
The control sequence at the end of the top line
of your error message was never \def'ed. If you have
misspelled it (e.g., `\hobx'), type `I' and the correct
spelling (e.g., `I\hbox'). Otherwise just continue,
and I'll forget about whatever was undefined.

textual/Modelo-computacional.tex:127: Undefined control sequence.
\meter ->\ERROR 
                
l.127 ...r ($v_{ref}$) & \SI{1}{\meter\per\second}
                                                   \\
The control sequence at the end of the top line
of your error message was never \def'ed. If you have
misspelled it (e.g., `\hobx'), type `I' and the correct
spelling (e.g., `I\hbox'). Otherwise just continue,
and I'll forget about whatever was undefined.

textual/Modelo-computacional.tex:127: Undefined control sequence.
\per ->\ERROR 
              
l.127 ...r ($v_{ref}$) & \SI{1}{\meter\per\second}
                                                   \\
The control sequence at the end of the top line
of your error message was never \def'ed. If you have
misspelled it (e.g., `\hobx'), type `I' and the correct
spelling (e.g., `I\hbox'). Otherwise just continue,
and I'll forget about whatever was undefined.

textual/Modelo-computacional.tex:127: Undefined control sequence.
\second ->\ERROR 
                 
l.127 ...r ($v_{ref}$) & \SI{1}{\meter\per\second}
                                                   \\
The control sequence at the end of the top line
of your error message was never \def'ed. If you have
misspelled it (e.g., `\hobx'), type `I' and the correct
spelling (e.g., `I\hbox'). Otherwise just continue,
and I'll forget about whatever was undefined.

textual/Modelo-computacional.tex:127: Undefined control sequence.
<argument> \l__siunitx_number_uncert_mode_str 
                                              
l.127 ...r ($v_{ref}$) & \SI{1}{\meter\per\second}
                                                   \\
The control sequence at the end of the top line
of your error message was never \def'ed. If you have
misspelled it (e.g., `\hobx'), type `I' and the correct
spelling (e.g., `I\hbox'). Otherwise just continue,
and I'll forget about whatever was undefined.

textual/Modelo-computacional.tex:127: Undefined control sequence.
<argument> ...t_\l__siunitx_print_number_mode_str 
                                                  :n
l.127 ...r ($v_{ref}$) & \SI{1}{\meter\per\second}
                                                   \\
The control sequence at the end of the top line
of your error message was never \def'ed. If you have
misspelled it (e.g., `\hobx'), type `I' and the correct
spelling (e.g., `I\hbox'). Otherwise just continue,
and I'll forget about whatever was undefined.

textual/Modelo-computacional.tex:128: Undefined control sequence.
<argument> ...\l_siunitx_quantity_prefix_mode_str 
                                                  :n
l.128 ...rho$) & \SI{1}{\kilogram\per\cubic\meter}
                                                   \\
The control sequence at the end of the top line
of your error message was never \def'ed. If you have
misspelled it (e.g., `\hobx'), type `I' and the correct
spelling (e.g., `I\hbox'). Otherwise just continue,
and I'll forget about whatever was undefined.

textual/Modelo-computacional.tex:128: Undefined control sequence.
\kilogram ->\ERROR 
                   
l.128 ...rho$) & \SI{1}{\kilogram\per\cubic\meter}
                                                   \\
The control sequence at the end of the top line
of your error message was never \def'ed. If you have
misspelled it (e.g., `\hobx'), type `I' and the correct
spelling (e.g., `I\hbox'). Otherwise just continue,
and I'll forget about whatever was undefined.

textual/Modelo-computacional.tex:128: Undefined control sequence.
\per ->\ERROR 
              
l.128 ...rho$) & \SI{1}{\kilogram\per\cubic\meter}
                                                   \\
The control sequence at the end of the top line
of your error message was never \def'ed. If you have
misspelled it (e.g., `\hobx'), type `I' and the correct
spelling (e.g., `I\hbox'). Otherwise just continue,
and I'll forget about whatever was undefined.

textual/Modelo-computacional.tex:128: Undefined control sequence.
\cubic ->\ERROR 
                
l.128 ...rho$) & \SI{1}{\kilogram\per\cubic\meter}
                                                   \\
The control sequence at the end of the top line
of your error message was never \def'ed. If you have
misspelled it (e.g., `\hobx'), type `I' and the correct
spelling (e.g., `I\hbox'). Otherwise just continue,
and I'll forget about whatever was undefined.

textual/Modelo-computacional.tex:128: Undefined control sequence.
\meter ->\ERROR 
                
l.128 ...rho$) & \SI{1}{\kilogram\per\cubic\meter}
                                                   \\
The control sequence at the end of the top line
of your error message was never \def'ed. If you have
misspelled it (e.g., `\hobx'), type `I' and the correct
spelling (e.g., `I\hbox'). Otherwise just continue,
and I'll forget about whatever was undefined.

textual/Modelo-computacional.tex:128: Undefined control sequence.
<argument> \l__siunitx_number_uncert_mode_str 
                                              
l.128 ...rho$) & \SI{1}{\kilogram\per\cubic\meter}
                                                   \\
The control sequence at the end of the top line
of your error message was never \def'ed. If you have
misspelled it (e.g., `\hobx'), type `I' and the correct
spelling (e.g., `I\hbox'). Otherwise just continue,
and I'll forget about whatever was undefined.

textual/Modelo-computacional.tex:128: Undefined control sequence.
<argument> ...t_\l__siunitx_print_number_mode_str 
                                                  :n
l.128 ...rho$) & \SI{1}{\kilogram\per\cubic\meter}
                                                   \\
The control sequence at the end of the top line
of your error message was never \def'ed. If you have
misspelled it (e.g., `\hobx'), type `I' and the correct
spelling (e.g., `I\hbox'). Otherwise just continue,
and I'll forget about whatever was undefined.

textual/Modelo-computacional.tex:129: Undefined control sequence.
<argument> ...\l_siunitx_quantity_prefix_mode_str 
                                                  :n
l.129     Tolerância & \SI{1e-9}{}
                                    \\
The control sequence at the end of the top line
of your error message was never \def'ed. If you have
misspelled it (e.g., `\hobx'), type `I' and the correct
spelling (e.g., `I\hbox'). Otherwise just continue,
and I'll forget about whatever was undefined.

textual/Modelo-computacional.tex:129: Undefined control sequence.
<argument> \l__siunitx_number_uncert_mode_str 
                                              
l.129     Tolerância & \SI{1e-9}{}
                                    \\
The control sequence at the end of the top line
of your error message was never \def'ed. If you have
misspelled it (e.g., `\hobx'), type `I' and the correct
spelling (e.g., `I\hbox'). Otherwise just continue,
and I'll forget about whatever was undefined.

textual/Modelo-computacional.tex:129: Undefined control sequence.
<argument> ...t_\l__siunitx_print_number_mode_str 
                                                  :n
l.129     Tolerância & \SI{1e-9}{}
                                    \\
The control sequence at the end of the top line
of your error message was never \def'ed. If you have
misspelled it (e.g., `\hobx'), type `I' and the correct
spelling (e.g., `I\hbox'). Otherwise just continue,
and I'll forget about whatever was undefined.

textual/Modelo-computacional.tex:129: Missing $ inserted.
<inserted text> 
                $
l.129     Tolerância & \SI{1e-9}{}
                                    \\
I've inserted a begin-math/end-math symbol since I think
you left one out. Proceed, with fingers crossed.

textual/Modelo-computacional.tex:129: Extra }, or forgotten $.
\__siunitx_print_number:n ...tx_print_math:n }{#1}
                                                  
l.129     Tolerância & \SI{1e-9}{}
                                    \\
I've deleted a group-closing symbol because it seems to be
spurious, as in `$x}$'. But perhaps the } is legitimate and
you forgot something else, as in `\hbox{$x}'. In such cases
the way to recover is to insert both the forgotten and the
deleted material, e.g., by typing `I$}'.

textual/Modelo-computacional.tex:129: Missing $ inserted.
<inserted text> 
                $
l.129     Tolerância & \SI{1e-9}{}
                                    \\
I've inserted something that you may have forgotten.
(See the <inserted text> above.)
With luck, this will get me unwedged. But if you
really didn't forget anything, try typing `2' now; then
my insertion and my current dilemma will both disappear.

textual/Modelo-computacional.tex:129: Missing } inserted.
<inserted text> 
                }
l.129     Tolerância & \SI{1e-9}{}
                                    \\
I've inserted something that you may have forgotten.
(See the <inserted text> above.)
With luck, this will get me unwedged. But if you
really didn't forget anything, try typing `2' now; then
my insertion and my current dilemma will both disappear.

textual/Modelo-computacional.tex:130: Undefined control sequence.
<argument> ...\l_siunitx_quantity_prefix_mode_str 
                                                  :n
l.130     H & \SI{1}{\meter}
                             \\
The control sequence at the end of the top line
of your error message was never \def'ed. If you have
misspelled it (e.g., `\hobx'), type `I' and the correct
spelling (e.g., `I\hbox'). Otherwise just continue,
and I'll forget about whatever was undefined.

textual/Modelo-computacional.tex:130: Undefined control sequence.
\meter ->\ERROR 
                
l.130     H & \SI{1}{\meter}
                             \\
The control sequence at the end of the top line
of your error message was never \def'ed. If you have
misspelled it (e.g., `\hobx'), type `I' and the correct
spelling (e.g., `I\hbox'). Otherwise just continue,
and I'll forget about whatever was undefined.

textual/Modelo-computacional.tex:130: Undefined control sequence.
<argument> \l__siunitx_number_uncert_mode_str 
                                              
l.130     H & \SI{1}{\meter}
                             \\
The control sequence at the end of the top line
of your error message was never \def'ed. If you have
misspelled it (e.g., `\hobx'), type `I' and the correct
spelling (e.g., `I\hbox'). Otherwise just continue,
and I'll forget about whatever was undefined.

textual/Modelo-computacional.tex:130: Undefined control sequence.
<argument> ...t_\l__siunitx_print_number_mode_str 
                                                  :n
l.130     H & \SI{1}{\meter}
                             \\
The control sequence at the end of the top line
of your error message was never \def'ed. If you have
misspelled it (e.g., `\hobx'), type `I' and the correct
spelling (e.g., `I\hbox'). Otherwise just continue,
and I'll forget about whatever was undefined.

textual/Modelo-computacional.tex:131: Undefined control sequence.
<argument> ...\l_siunitx_quantity_prefix_mode_str 
                                                  :n
l.131     L & \SI{30}{\meter}
                              \\
The control sequence at the end of the top line
of your error message was never \def'ed. If you have
misspelled it (e.g., `\hobx'), type `I' and the correct
spelling (e.g., `I\hbox'). Otherwise just continue,
and I'll forget about whatever was undefined.

textual/Modelo-computacional.tex:131: Undefined control sequence.
\meter ->\ERROR 
                
l.131     L & \SI{30}{\meter}
                              \\
The control sequence at the end of the top line
of your error message was never \def'ed. If you have
misspelled it (e.g., `\hobx'), type `I' and the correct
spelling (e.g., `I\hbox'). Otherwise just continue,
and I'll forget about whatever was undefined.

textual/Modelo-computacional.tex:131: Undefined control sequence.
<argument> \l__siunitx_number_uncert_mode_str 
                                              
l.131     L & \SI{30}{\meter}
                              \\
The control sequence at the end of the top line
of your error message was never \def'ed. If you have
misspelled it (e.g., `\hobx'), type `I' and the correct
spelling (e.g., `I\hbox'). Otherwise just continue,
and I'll forget about whatever was undefined.

textual/Modelo-computacional.tex:131: Undefined control sequence.
<argument> ...t_\l__siunitx_print_number_mode_str 
                                                  :n
l.131     L & \SI{30}{\meter}
                              \\
The control sequence at the end of the top line
of your error message was never \def'ed. If you have
misspelled it (e.g., `\hobx'), type `I' and the correct
spelling (e.g., `I\hbox'). Otherwise just continue,
and I'll forget about whatever was undefined.

textual/Modelo-computacional.tex:133: Undefined control sequence.
<argument> ...\l_siunitx_quantity_prefix_mode_str 
                                                  :n
l.133 ...pressão ($\Delta p$) & \SI{0.6}{\pascal}
                                                   \\
The control sequence at the end of the top line
of your error message was never \def'ed. If you have
misspelled it (e.g., `\hobx'), type `I' and the correct
spelling (e.g., `I\hbox'). Otherwise just continue,
and I'll forget about whatever was undefined.

textual/Modelo-computacional.tex:133: Undefined control sequence.
\pascal ->\ERROR 
                 
l.133 ...pressão ($\Delta p$) & \SI{0.6}{\pascal}
                                                   \\
The control sequence at the end of the top line
of your error message was never \def'ed. If you have
misspelled it (e.g., `\hobx'), type `I' and the correct
spelling (e.g., `I\hbox'). Otherwise just continue,
and I'll forget about whatever was undefined.

textual/Modelo-computacional.tex:133: Undefined control sequence.
<argument> \l__siunitx_number_uncert_mode_str 
                                              
l.133 ...pressão ($\Delta p$) & \SI{0.6}{\pascal}
                                                   \\
The control sequence at the end of the top line
of your error message was never \def'ed. If you have
misspelled it (e.g., `\hobx'), type `I' and the correct
spelling (e.g., `I\hbox'). Otherwise just continue,
and I'll forget about whatever was undefined.

textual/Modelo-computacional.tex:133: Undefined control sequence.
<argument> ...t_\l__siunitx_print_number_mode_str 
                                                  :n
l.133 ...pressão ($\Delta p$) & \SI{0.6}{\pascal}
                                                   \\
The control sequence at the end of the top line
of your error message was never \def'ed. If you have
misspelled it (e.g., `\hobx'), type `I' and the correct
spelling (e.g., `I\hbox'). Otherwise just continue,
and I'll forget about whatever was undefined.



[36 <./imagens/Poiseulle-numerico.png (PNG copy)>]

LaTeX Warning: Reference `contorno - lid-driven' on page 37 undefined on input line 143.


LaTeX Warning: Reference `lid-drivennumerico' on page 37 undefined on input line 169.

<imagens/LId-driven-Numerico.png, id=386, 1445.4pt x 813.0375pt>
File: imagens/LId-driven-Numerico.png Graphic file (type png)
<use imagens/LId-driven-Numerico.png>
Package pdftex.def Info: imagens/LId-driven-Numerico.png  used on input line 173.
(pdftex.def)             Requested size: 273.14923pt x 153.64752pt.


[37]

LaTeX Warning: Reference `contorno - thermal' on page 38 undefined on input line 183.


LaTeX Warning: Reference `propriedades - thermal' on page 38 undefined on input line 209.

textual/Modelo-computacional.tex:219: Undefined control sequence.
<argument> ...\l_siunitx_quantity_prefix_mode_str 
                                                  :n
l.219 ...r ($v_{ref}$) & \SI{1}{\meter\per\second}
                                                   \\
The control sequence at the end of the top line
of your error message was never \def'ed. If you have
misspelled it (e.g., `\hobx'), type `I' and the correct
spelling (e.g., `I\hbox'). Otherwise just continue,
and I'll forget about whatever was undefined.

textual/Modelo-computacional.tex:219: Undefined control sequence.
\meter ->\ERROR 
                
l.219 ...r ($v_{ref}$) & \SI{1}{\meter\per\second}
                                                   \\
The control sequence at the end of the top line
of your error message was never \def'ed. If you have
misspelled it (e.g., `\hobx'), type `I' and the correct
spelling (e.g., `I\hbox'). Otherwise just continue,
and I'll forget about whatever was undefined.

textual/Modelo-computacional.tex:219: Undefined control sequence.
\per ->\ERROR 
              
l.219 ...r ($v_{ref}$) & \SI{1}{\meter\per\second}
                                                   \\
The control sequence at the end of the top line
of your error message was never \def'ed. If you have
misspelled it (e.g., `\hobx'), type `I' and the correct
spelling (e.g., `I\hbox'). Otherwise just continue,
and I'll forget about whatever was undefined.

textual/Modelo-computacional.tex:219: Undefined control sequence.
\second ->\ERROR 
                 
l.219 ...r ($v_{ref}$) & \SI{1}{\meter\per\second}
                                                   \\
The control sequence at the end of the top line
of your error message was never \def'ed. If you have
misspelled it (e.g., `\hobx'), type `I' and the correct
spelling (e.g., `I\hbox'). Otherwise just continue,
and I'll forget about whatever was undefined.

textual/Modelo-computacional.tex:219: Undefined control sequence.
<argument> \l__siunitx_number_uncert_mode_str 
                                              
l.219 ...r ($v_{ref}$) & \SI{1}{\meter\per\second}
                                                   \\
The control sequence at the end of the top line
of your error message was never \def'ed. If you have
misspelled it (e.g., `\hobx'), type `I' and the correct
spelling (e.g., `I\hbox'). Otherwise just continue,
and I'll forget about whatever was undefined.

textual/Modelo-computacional.tex:219: Undefined control sequence.
<argument> ...t_\l__siunitx_print_number_mode_str 
                                                  :n
l.219 ...r ($v_{ref}$) & \SI{1}{\meter\per\second}
                                                   \\
The control sequence at the end of the top line
of your error message was never \def'ed. If you have
misspelled it (e.g., `\hobx'), type `I' and the correct
spelling (e.g., `I\hbox'). Otherwise just continue,
and I'll forget about whatever was undefined.

textual/Modelo-computacional.tex:220: Undefined control sequence.
<argument> ...\l_siunitx_quantity_prefix_mode_str 
                                                  :n
l.220 ...rho$) & \SI{1}{\kilogram\per\cubic\meter}
                                                   \\
The control sequence at the end of the top line
of your error message was never \def'ed. If you have
misspelled it (e.g., `\hobx'), type `I' and the correct
spelling (e.g., `I\hbox'). Otherwise just continue,
and I'll forget about whatever was undefined.

textual/Modelo-computacional.tex:220: Undefined control sequence.
\kilogram ->\ERROR 
                   
l.220 ...rho$) & \SI{1}{\kilogram\per\cubic\meter}
                                                   \\
The control sequence at the end of the top line
of your error message was never \def'ed. If you have
misspelled it (e.g., `\hobx'), type `I' and the correct
spelling (e.g., `I\hbox'). Otherwise just continue,
and I'll forget about whatever was undefined.

textual/Modelo-computacional.tex:220: Undefined control sequence.
\per ->\ERROR 
              
l.220 ...rho$) & \SI{1}{\kilogram\per\cubic\meter}
                                                   \\
The control sequence at the end of the top line
of your error message was never \def'ed. If you have
misspelled it (e.g., `\hobx'), type `I' and the correct
spelling (e.g., `I\hbox'). Otherwise just continue,
and I'll forget about whatever was undefined.

textual/Modelo-computacional.tex:220: Undefined control sequence.
\cubic ->\ERROR 
                
l.220 ...rho$) & \SI{1}{\kilogram\per\cubic\meter}
                                                   \\
The control sequence at the end of the top line
of your error message was never \def'ed. If you have
misspelled it (e.g., `\hobx'), type `I' and the correct
spelling (e.g., `I\hbox'). Otherwise just continue,
and I'll forget about whatever was undefined.

textual/Modelo-computacional.tex:220: Undefined control sequence.
\meter ->\ERROR 
                
l.220 ...rho$) & \SI{1}{\kilogram\per\cubic\meter}
                                                   \\
The control sequence at the end of the top line
of your error message was never \def'ed. If you have
misspelled it (e.g., `\hobx'), type `I' and the correct
spelling (e.g., `I\hbox'). Otherwise just continue,
and I'll forget about whatever was undefined.

textual/Modelo-computacional.tex:220: Undefined control sequence.
<argument> \l__siunitx_number_uncert_mode_str 
                                              
l.220 ...rho$) & \SI{1}{\kilogram\per\cubic\meter}
                                                   \\
The control sequence at the end of the top line
of your error message was never \def'ed. If you have
misspelled it (e.g., `\hobx'), type `I' and the correct
spelling (e.g., `I\hbox'). Otherwise just continue,
and I'll forget about whatever was undefined.

textual/Modelo-computacional.tex:220: Undefined control sequence.
<argument> ...t_\l__siunitx_print_number_mode_str 
                                                  :n
l.220 ...rho$) & \SI{1}{\kilogram\per\cubic\meter}
                                                   \\
The control sequence at the end of the top line
of your error message was never \def'ed. If you have
misspelled it (e.g., `\hobx'), type `I' and the correct
spelling (e.g., `I\hbox'). Otherwise just continue,
and I'll forget about whatever was undefined.

textual/Modelo-computacional.tex:221: Undefined control sequence.
<argument> ...\l_siunitx_quantity_prefix_mode_str 
                                                  :n
l.221     Tolerância & \SI{1e-9}{}
                                    \\
The control sequence at the end of the top line
of your error message was never \def'ed. If you have
misspelled it (e.g., `\hobx'), type `I' and the correct
spelling (e.g., `I\hbox'). Otherwise just continue,
and I'll forget about whatever was undefined.

textual/Modelo-computacional.tex:221: Undefined control sequence.
<argument> \l__siunitx_number_uncert_mode_str 
                                              
l.221     Tolerância & \SI{1e-9}{}
                                    \\
The control sequence at the end of the top line
of your error message was never \def'ed. If you have
misspelled it (e.g., `\hobx'), type `I' and the correct
spelling (e.g., `I\hbox'). Otherwise just continue,
and I'll forget about whatever was undefined.

textual/Modelo-computacional.tex:221: Undefined control sequence.
<argument> ...t_\l__siunitx_print_number_mode_str 
                                                  :n
l.221     Tolerância & \SI{1e-9}{}
                                    \\
The control sequence at the end of the top line
of your error message was never \def'ed. If you have
misspelled it (e.g., `\hobx'), type `I' and the correct
spelling (e.g., `I\hbox'). Otherwise just continue,
and I'll forget about whatever was undefined.

textual/Modelo-computacional.tex:221: Missing $ inserted.
<inserted text> 
                $
l.221     Tolerância & \SI{1e-9}{}
                                    \\
I've inserted a begin-math/end-math symbol since I think
you left one out. Proceed, with fingers crossed.

textual/Modelo-computacional.tex:221: Extra }, or forgotten $.
\__siunitx_print_number:n ...tx_print_math:n }{#1}
                                                  
l.221     Tolerância & \SI{1e-9}{}
                                    \\
I've deleted a group-closing symbol because it seems to be
spurious, as in `$x}$'. But perhaps the } is legitimate and
you forgot something else, as in `\hbox{$x}'. In such cases
the way to recover is to insert both the forgotten and the
deleted material, e.g., by typing `I$}'.

textual/Modelo-computacional.tex:221: Missing $ inserted.
<inserted text> 
                $
l.221     Tolerância & \SI{1e-9}{}
                                    \\
I've inserted something that you may have forgotten.
(See the <inserted text> above.)
With luck, this will get me unwedged. But if you
really didn't forget anything, try typing `2' now; then
my insertion and my current dilemma will both disappear.

textual/Modelo-computacional.tex:221: Missing } inserted.
<inserted text> 
                }
l.221     Tolerância & \SI{1e-9}{}
                                    \\
I've inserted something that you may have forgotten.
(See the <inserted text> above.)
With luck, this will get me unwedged. But if you
really didn't forget anything, try typing `2' now; then
my insertion and my current dilemma will both disappear.

textual/Modelo-computacional.tex:222: Undefined control sequence.
<argument> ...\l_siunitx_quantity_prefix_mode_str 
                                                  :n
l.222     H & \SI{1}{\meter}
                             \\
The control sequence at the end of the top line
of your error message was never \def'ed. If you have
misspelled it (e.g., `\hobx'), type `I' and the correct
spelling (e.g., `I\hbox'). Otherwise just continue,
and I'll forget about whatever was undefined.

textual/Modelo-computacional.tex:222: Undefined control sequence.
\meter ->\ERROR 
                
l.222     H & \SI{1}{\meter}
                             \\
The control sequence at the end of the top line
of your error message was never \def'ed. If you have
misspelled it (e.g., `\hobx'), type `I' and the correct
spelling (e.g., `I\hbox'). Otherwise just continue,
and I'll forget about whatever was undefined.

textual/Modelo-computacional.tex:222: Undefined control sequence.
<argument> \l__siunitx_number_uncert_mode_str 
                                              
l.222     H & \SI{1}{\meter}
                             \\
The control sequence at the end of the top line
of your error message was never \def'ed. If you have
misspelled it (e.g., `\hobx'), type `I' and the correct
spelling (e.g., `I\hbox'). Otherwise just continue,
and I'll forget about whatever was undefined.

textual/Modelo-computacional.tex:222: Undefined control sequence.
<argument> ...t_\l__siunitx_print_number_mode_str 
                                                  :n
l.222     H & \SI{1}{\meter}
                             \\
The control sequence at the end of the top line
of your error message was never \def'ed. If you have
misspelled it (e.g., `\hobx'), type `I' and the correct
spelling (e.g., `I\hbox'). Otherwise just continue,
and I'll forget about whatever was undefined.

textual/Modelo-computacional.tex:223: Undefined control sequence.
<argument> ...\l_siunitx_quantity_prefix_mode_str 
                                                  :n
l.223     L & \SI{1}{\meter}
                             \\
The control sequence at the end of the top line
of your error message was never \def'ed. If you have
misspelled it (e.g., `\hobx'), type `I' and the correct
spelling (e.g., `I\hbox'). Otherwise just continue,
and I'll forget about whatever was undefined.

textual/Modelo-computacional.tex:223: Undefined control sequence.
\meter ->\ERROR 
                
l.223     L & \SI{1}{\meter}
                             \\
The control sequence at the end of the top line
of your error message was never \def'ed. If you have
misspelled it (e.g., `\hobx'), type `I' and the correct
spelling (e.g., `I\hbox'). Otherwise just continue,
and I'll forget about whatever was undefined.

textual/Modelo-computacional.tex:223: Undefined control sequence.
<argument> \l__siunitx_number_uncert_mode_str 
                                              
l.223     L & \SI{1}{\meter}
                             \\
The control sequence at the end of the top line
of your error message was never \def'ed. If you have
misspelled it (e.g., `\hobx'), type `I' and the correct
spelling (e.g., `I\hbox'). Otherwise just continue,
and I'll forget about whatever was undefined.

textual/Modelo-computacional.tex:223: Undefined control sequence.
<argument> ...t_\l__siunitx_print_number_mode_str 
                                                  :n
l.223     L & \SI{1}{\meter}
                             \\
The control sequence at the end of the top line
of your error message was never \def'ed. If you have
misspelled it (e.g., `\hobx'), type `I' and the correct
spelling (e.g., `I\hbox'). Otherwise just continue,
and I'll forget about whatever was undefined.

textual/Modelo-computacional.tex:225: Undefined control sequence.
<argument> ...\l_siunitx_quantity_prefix_mode_str 
                                                  :n
l.225 ...a$ & \SI{0.01}{\meter\squared\per\second}
                                                   \\
The control sequence at the end of the top line
of your error message was never \def'ed. If you have
misspelled it (e.g., `\hobx'), type `I' and the correct
spelling (e.g., `I\hbox'). Otherwise just continue,
and I'll forget about whatever was undefined.

textual/Modelo-computacional.tex:225: Undefined control sequence.
\meter ->\ERROR 
                
l.225 ...a$ & \SI{0.01}{\meter\squared\per\second}
                                                   \\
The control sequence at the end of the top line
of your error message was never \def'ed. If you have
misspelled it (e.g., `\hobx'), type `I' and the correct
spelling (e.g., `I\hbox'). Otherwise just continue,
and I'll forget about whatever was undefined.

textual/Modelo-computacional.tex:225: Undefined control sequence.
\squared ->\ERROR 
                  
l.225 ...a$ & \SI{0.01}{\meter\squared\per\second}
                                                   \\
The control sequence at the end of the top line
of your error message was never \def'ed. If you have
misspelled it (e.g., `\hobx'), type `I' and the correct
spelling (e.g., `I\hbox'). Otherwise just continue,
and I'll forget about whatever was undefined.

textual/Modelo-computacional.tex:225: Undefined control sequence.
\per ->\ERROR 
              
l.225 ...a$ & \SI{0.01}{\meter\squared\per\second}
                                                   \\
The control sequence at the end of the top line
of your error message was never \def'ed. If you have
misspelled it (e.g., `\hobx'), type `I' and the correct
spelling (e.g., `I\hbox'). Otherwise just continue,
and I'll forget about whatever was undefined.

textual/Modelo-computacional.tex:225: Undefined control sequence.
\second ->\ERROR 
                 
l.225 ...a$ & \SI{0.01}{\meter\squared\per\second}
                                                   \\
The control sequence at the end of the top line
of your error message was never \def'ed. If you have
misspelled it (e.g., `\hobx'), type `I' and the correct
spelling (e.g., `I\hbox'). Otherwise just continue,
and I'll forget about whatever was undefined.

textual/Modelo-computacional.tex:225: Undefined control sequence.
<argument> \l__siunitx_number_uncert_mode_str 
                                              
l.225 ...a$ & \SI{0.01}{\meter\squared\per\second}
                                                   \\
The control sequence at the end of the top line
of your error message was never \def'ed. If you have
misspelled it (e.g., `\hobx'), type `I' and the correct
spelling (e.g., `I\hbox'). Otherwise just continue,
and I'll forget about whatever was undefined.

textual/Modelo-computacional.tex:225: Undefined control sequence.
<argument> ...t_\l__siunitx_print_number_mode_str 
                                                  :n
l.225 ...a$ & \SI{0.01}{\meter\squared\per\second}
                                                   \\
The control sequence at the end of the top line
of your error message was never \def'ed. If you have
misspelled it (e.g., `\hobx'), type `I' and the correct
spelling (e.g., `I\hbox'). Otherwise just continue,
and I'll forget about whatever was undefined.

textual/Modelo-computacional.tex:226: Undefined control sequence.
<argument> ...\l_siunitx_quantity_prefix_mode_str 
                                                  :n
l.226 ...g$ & \SI{9.81}{\meter\per\second\squared}
                                                   \\
The control sequence at the end of the top line
of your error message was never \def'ed. If you have
misspelled it (e.g., `\hobx'), type `I' and the correct
spelling (e.g., `I\hbox'). Otherwise just continue,
and I'll forget about whatever was undefined.

textual/Modelo-computacional.tex:226: Undefined control sequence.
\meter ->\ERROR 
                
l.226 ...g$ & \SI{9.81}{\meter\per\second\squared}
                                                   \\
The control sequence at the end of the top line
of your error message was never \def'ed. If you have
misspelled it (e.g., `\hobx'), type `I' and the correct
spelling (e.g., `I\hbox'). Otherwise just continue,
and I'll forget about whatever was undefined.

textual/Modelo-computacional.tex:226: Undefined control sequence.
\per ->\ERROR 
              
l.226 ...g$ & \SI{9.81}{\meter\per\second\squared}
                                                   \\
The control sequence at the end of the top line
of your error message was never \def'ed. If you have
misspelled it (e.g., `\hobx'), type `I' and the correct
spelling (e.g., `I\hbox'). Otherwise just continue,
and I'll forget about whatever was undefined.

textual/Modelo-computacional.tex:226: Undefined control sequence.
\second ->\ERROR 
                 
l.226 ...g$ & \SI{9.81}{\meter\per\second\squared}
                                                   \\
The control sequence at the end of the top line
of your error message was never \def'ed. If you have
misspelled it (e.g., `\hobx'), type `I' and the correct
spelling (e.g., `I\hbox'). Otherwise just continue,
and I'll forget about whatever was undefined.

textual/Modelo-computacional.tex:226: Undefined control sequence.
\squared ->\ERROR 
                  
l.226 ...g$ & \SI{9.81}{\meter\per\second\squared}
                                                   \\
The control sequence at the end of the top line
of your error message was never \def'ed. If you have
misspelled it (e.g., `\hobx'), type `I' and the correct
spelling (e.g., `I\hbox'). Otherwise just continue,
and I'll forget about whatever was undefined.

textual/Modelo-computacional.tex:226: Undefined control sequence.
<argument> \l__siunitx_number_uncert_mode_str 
                                              
l.226 ...g$ & \SI{9.81}{\meter\per\second\squared}
                                                   \\
The control sequence at the end of the top line
of your error message was never \def'ed. If you have
misspelled it (e.g., `\hobx'), type `I' and the correct
spelling (e.g., `I\hbox'). Otherwise just continue,
and I'll forget about whatever was undefined.

textual/Modelo-computacional.tex:226: Undefined control sequence.
<argument> ...t_\l__siunitx_print_number_mode_str 
                                                  :n
l.226 ...g$ & \SI{9.81}{\meter\per\second\squared}
                                                   \\
The control sequence at the end of the top line
of your error message was never \def'ed. If you have
misspelled it (e.g., `\hobx'), type `I' and the correct
spelling (e.g., `I\hbox'). Otherwise just continue,
and I'll forget about whatever was undefined.

textual/Modelo-computacional.tex:227: Undefined control sequence.
<argument> ...\l_siunitx_quantity_prefix_mode_str 
                                                  :n
l.227 ... & \SI{0.0071}{\meter\squared\per\second}
                                                   \\
The control sequence at the end of the top line
of your error message was never \def'ed. If you have
misspelled it (e.g., `\hobx'), type `I' and the correct
spelling (e.g., `I\hbox'). Otherwise just continue,
and I'll forget about whatever was undefined.

textual/Modelo-computacional.tex:227: Undefined control sequence.
\meter ->\ERROR 
                
l.227 ... & \SI{0.0071}{\meter\squared\per\second}
                                                   \\
The control sequence at the end of the top line
of your error message was never \def'ed. If you have
misspelled it (e.g., `\hobx'), type `I' and the correct
spelling (e.g., `I\hbox'). Otherwise just continue,
and I'll forget about whatever was undefined.

textual/Modelo-computacional.tex:227: Undefined control sequence.
\squared ->\ERROR 
                  
l.227 ... & \SI{0.0071}{\meter\squared\per\second}
                                                   \\
The control sequence at the end of the top line
of your error message was never \def'ed. If you have
misspelled it (e.g., `\hobx'), type `I' and the correct
spelling (e.g., `I\hbox'). Otherwise just continue,
and I'll forget about whatever was undefined.

textual/Modelo-computacional.tex:227: Undefined control sequence.
\per ->\ERROR 
              
l.227 ... & \SI{0.0071}{\meter\squared\per\second}
                                                   \\
The control sequence at the end of the top line
of your error message was never \def'ed. If you have
misspelled it (e.g., `\hobx'), type `I' and the correct
spelling (e.g., `I\hbox'). Otherwise just continue,
and I'll forget about whatever was undefined.

textual/Modelo-computacional.tex:227: Undefined control sequence.
\second ->\ERROR 
                 
l.227 ... & \SI{0.0071}{\meter\squared\per\second}
                                                   \\
The control sequence at the end of the top line
of your error message was never \def'ed. If you have
misspelled it (e.g., `\hobx'), type `I' and the correct
spelling (e.g., `I\hbox'). Otherwise just continue,
and I'll forget about whatever was undefined.

textual/Modelo-computacional.tex:227: Undefined control sequence.
<argument> \l__siunitx_number_uncert_mode_str 
                                              
l.227 ... & \SI{0.0071}{\meter\squared\per\second}
                                                   \\
The control sequence at the end of the top line
of your error message was never \def'ed. If you have
misspelled it (e.g., `\hobx'), type `I' and the correct
spelling (e.g., `I\hbox'). Otherwise just continue,
and I'll forget about whatever was undefined.

textual/Modelo-computacional.tex:227: Undefined control sequence.
<argument> ...t_\l__siunitx_print_number_mode_str 
                                                  :n
l.227 ... & \SI{0.0071}{\meter\squared\per\second}
                                                   \\
The control sequence at the end of the top line
of your error message was never \def'ed. If you have
misspelled it (e.g., `\hobx'), type `I' and the correct
spelling (e.g., `I\hbox'). Otherwise just continue,
and I'll forget about whatever was undefined.


LaTeX Warning: Reference `equação para betha' on page 38 undefined on input line 236.


LaTeX Warning: Reference `Thermal-numerico' on page 38 undefined on input line 245.

<imagens/thermal-numerico.png, id=394, 1445.4pt x 813.0375pt>
File: imagens/thermal-numerico.png Graphic file (type png)
<use imagens/thermal-numerico.png>
Package pdftex.def Info: imagens/thermal-numerico.png  used on input line 249.
(pdftex.def)             Requested size: 295.90588pt x 166.43805pt.


[38 <./imagens/LId-driven-Numerico.png (PNG copy)>]

[39 <./imagens/thermal-numerico.png (PNG copy)>]

LaTeX Warning: Reference `Algoritmo-Seidel' on page 40 undefined on input line 259.

<imagens/loop-Gauss-Seidel.png, id=410, 1445.4pt x 813.0375pt>
File: imagens/loop-Gauss-Seidel.png Graphic file (type png)
<use imagens/loop-Gauss-Seidel.png>
Package pdftex.def Info: imagens/loop-Gauss-Seidel.png  used on input line 263.
(pdftex.def)             Requested size: 404.64308pt x 227.62206pt.

LaTeX Warning: Reference `sistema gauss-seidel' on page 40 undefined on input line 269.


LaTeX Warning: Reference `Algoritmo-Conjulgados' on page 40 undefined on input line 271.

<imagens/loop-gradientes.png, id=411, 1642.135pt x 2445.135pt>
File: imagens/loop-gradientes.png Graphic file (type png)
<use imagens/loop-gradientes.png>
Package pdftex.def Info: imagens/loop-gradientes.png  used on input line 275.
(pdftex.def)             Requested size: 305.7196pt x 455.24411pt.
) (textual/Resultados.tex

[40 <./imagens/loop-Gauss-Seidel.png (PNG copy)>]

[41 <./imagens/loop-gradientes.png (PNG copy)>]
Cap\'{\i }tulo 6.

LaTeX Warning: Reference `couette - newton - p1' on page 42 undefined on input line 11.


LaTeX Warning: Reference `couette - newton - p2' on page 42 undefined on input line 11.

<imagens/Couette_N_Re100.png, id=423, 462.528pt x 346.896pt>
File: imagens/Couette_N_Re100.png Graphic file (type png)
<use imagens/Couette_N_Re100.png>
Package pdftex.def Info: imagens/Couette_N_Re100.png  used on input line 17.
(pdftex.def)             Requested size: 204.85846pt x 153.6457pt.
<imagens/Couette_N_Re400.png, id=424, 462.528pt x 346.896pt>
File: imagens/Couette_N_Re400.png Graphic file (type png)
<use imagens/Couette_N_Re400.png>
Package pdftex.def Info: imagens/Couette_N_Re400.png  used on input line 21.
(pdftex.def)             Requested size: 204.85846pt x 153.6457pt.
<imagens/Couette_N_Re1000.png, id=425, 462.528pt x 346.896pt>
File: imagens/Couette_N_Re1000.png Graphic file (type png)
<use imagens/Couette_N_Re1000.png>
Package pdftex.def Info: imagens/Couette_N_Re1000.png  used on input line 32.
(pdftex.def)             Requested size: 204.85846pt x 153.6457pt.
<imagens/Couette_N_Re1600.png, id=426, 462.528pt x 346.896pt>
File: imagens/Couette_N_Re1600.png Graphic file (type png)
<use imagens/Couette_N_Re1600.png>
Package pdftex.def Info: imagens/Couette_N_Re1600.png  used on input line 36.
(pdftex.def)             Requested size: 204.85846pt x 153.6457pt.

Package natbib Warning: Citation `Vasconcellos2024' on page 42 undefined on input line 43.


LaTeX Warning: Reference `couette-newton-analitico' on page 42 undefined on input line 45.



[42

 <./imagens/Couette_N_Re100.png> <./imagens/Couette_N_Re400.png>]
<imagens/Perfil de velocidade_Couette_analitico_numerico.png, id=439, 462.528pt x 346.896pt>
File: imagens/Perfil de velocidade_Couette_analitico_numerico.png Graphic file (type png)
<use imagens/Perfil de velocidade_Couette_analitico_numerico.png>
Package pdftex.def Info: imagens/Perfil de velocidade_Couette_analitico_numerico.png  used on input line 49.
(pdftex.def)             Requested size: 318.66948pt x 239.01443pt.


LaTeX Warning: Reference `couette - nãonewton' on page 43 undefined on input line 55.

<imagens/NN_couette_Re100.png, id=440, 462.528pt x 346.896pt>
File: imagens/NN_couette_Re100.png Graphic file (type png)
<use imagens/NN_couette_Re100.png>
Package pdftex.def Info: imagens/NN_couette_Re100.png  used on input line 61.
(pdftex.def)             Requested size: 204.85846pt x 153.6457pt.
<imagens/NN_couette_Re400.png, id=441, 462.528pt x 346.896pt>
File: imagens/NN_couette_Re400.png Graphic file (type png)
<use imagens/NN_couette_Re400.png>
Package pdftex.def Info: imagens/NN_couette_Re400.png  used on input line 65.
(pdftex.def)             Requested size: 204.85846pt x 153.6457pt.


[43 <./imagens/Couette_N_Re1000.png> <./imagens/Couette_N_Re1600.png> <./imagens/Perfil de velocidade_Couette_analitico_numerico.png>]

LaTeX Warning: Reference `couette - nãonewton- compara' on page 44 undefined on input line 75.


Package natbib Warning: Citation `Vasconcellos2024' on page 44 undefined on input line 75.

File: imagens/NN_couette_Re100.png Graphic file (type png)
<use imagens/NN_couette_Re100.png>
Package pdftex.def Info: imagens/NN_couette_Re100.png  used on input line 81.
(pdftex.def)             Requested size: 204.85846pt x 153.6457pt.
<imagens/5.1 sec Luiz_melhorado.png, id=453, 2669.975pt x 1802.735pt>
File: imagens/5.1 sec Luiz_melhorado.png Graphic file (type png)
<use imagens/5.1 sec Luiz_melhorado.png>
Package pdftex.def Info: imagens/5.1 sec Luiz_melhorado.png  used on input line 85.
(pdftex.def)             Requested size: 204.85846pt x 138.30763pt.

Package natbib Warning: Citation `Vasconcellos2024' on page 44 undefined on input line 85.


Package natbib Warning: Citation `Vasconcellos2024' on page 44 undefined on input line 85.


Package natbib Warning: Citation `Vasconcellos2024' on page 44 undefined on input line 86.


Package natbib Warning: Citation `Vasconcellos2024' on page 44 undefined on input line 86.



[44 <./imagens/NN_couette_Re100.png> <./imagens/NN_couette_Re400.png>]

LaTeX Warning: Reference `Poiseulle-newton-analitico' on page 45 undefined on input line 98.

<imagens/Poiseulle_newtonian_Re100.png, id=463, 462.528pt x 346.896pt>
File: imagens/Poiseulle_newtonian_Re100.png Graphic file (type png)
<use imagens/Poiseulle_newtonian_Re100.png>
Package pdftex.def Info: imagens/Poiseulle_newtonian_Re100.png  used on input line 103.
(pdftex.def)             Requested size: 273.14923pt x 204.87329pt.

LaTeX Warning: Reference `poiseulle-newtonian-compara-tabela' on page 45 undefined on input line 109.


Underfull \vbox (badness 10000) has occurred while \output is active []



[45 <./imagens/5.1 sec Luiz_melhorado.png (PNG copy)>]

LaTeX Warning: Reference `Poiseulle-newton-varios RE' on page 46 undefined on input line 151.

<imagens/Poiseulle_nn_Re100_0.6.png, id=473, 462.528pt x 346.896pt>
File: imagens/Poiseulle_nn_Re100_0.6.png Graphic file (type png)
<use imagens/Poiseulle_nn_Re100_0.6.png>
Package pdftex.def Info: imagens/Poiseulle_nn_Re100_0.6.png  used on input line 155.
(pdftex.def)             Requested size: 318.66948pt x 239.01443pt.

Underfull \vbox (badness 1112) has occurred while \output is active []



[46 <./imagens/Poiseulle_newtonian_Re100.png>]

LaTeX Warning: Reference `Poiseulle-nao-newton-varios n' on page 47 undefined on input line 163.

<imagens/Poiseulle_nn_v13.png, id=482, 462.528pt x 346.896pt>
File: imagens/Poiseulle_nn_v13.png Graphic file (type png)
<use imagens/Poiseulle_nn_v13.png>
Package pdftex.def Info: imagens/Poiseulle_nn_v13.png  used on input line 167.
(pdftex.def)             Requested size: 318.66948pt x 239.01443pt.


[47 <./imagens/Poiseulle_nn_Re100_0.6.png>]

LaTeX Warning: Reference `Poiseulle-nao-newton-varios n' on page 48 undefined on input line 181.


LaTeX Warning: Reference `queda de pressão para n maior 1' on page 48 undefined on input line 181.


LaTeX Warning: Reference `segundo invariante bird' on page 48 undefined on input line 200.


LaTeX Warning: Reference `segundo invariante Aristeu' on page 48 undefined on input line 200.


LaTeX Warning: Reference `invariantes 2' on page 48 undefined on input line 200.


LaTeX Warning: Reference `invariantes 0.5' on page 48 undefined on input line 200.

<imagens/invariantes - n - 2.png, id=489, 488.5452pt x 346.896pt>
File: imagens/invariantes - n - 2.png Graphic file (type png)
<use imagens/invariantes - n - 2.png>
Package pdftex.def Info: imagens/invariantes - n - 2.png  used on input line 205.
(pdftex.def)             Requested size: 318.66948pt x 226.27899pt.

Package natbib Warning: Citation `Bird1987' on page 48 undefined on input line 206.


Package natbib Warning: Citation `Aristeu2020' on page 48 undefined on input line 206.


Package natbib Warning: Citation `Bird1987' on page 48 undefined on input line 206.


Package natbib Warning: Citation `Aristeu2020' on page 48 undefined on input line 206.

<imagens/invariantes - n - 0.5.png, id=490, 506.6127pt x 346.896pt>
File: imagens/invariantes - n - 0.5.png Graphic file (type png)
<use imagens/invariantes - n - 0.5.png>
Package pdftex.def Info: imagens/invariantes - n - 0.5.png  used on input line 213.
(pdftex.def)             Requested size: 318.66948pt x 218.20686pt.

Package natbib Warning: Citation `Bird1987' on page 48 undefined on input line 214.


Package natbib Warning: Citation `Aristeu2020' on page 48 undefined on input line 214.


Package natbib Warning: Citation `Bird1987' on page 48 undefined on input line 214.


Package natbib Warning: Citation `Aristeu2020' on page 48 undefined on input line 214.


LaTeX Warning: Reference `invariantes 2' on page 48 undefined on input line 219.


Package natbib Warning: Citation `Aristeu2020' on page 48 undefined on input line 219.


LaTeX Warning: Reference `segundo invariante Aristeu' on page 48 undefined on input line 219.


Package natbib Warning: Citation `Bird1987' on page 48 undefined on input line 219.


LaTeX Warning: Reference `queda de pressão para n maior 1' on page 48 undefined on input line 219.


Package natbib Warning: Citation `Aristeu2020' on page 48 undefined on input line 219.



[48 <./imagens/Poiseulle_nn_v13.png>]

LaTeX Warning: Reference `invariantes 0.5' on page 49 undefined on input line 221.


Package natbib Warning: Citation `Bird1987' on page 49 undefined on input line 221.


Package natbib Warning: Citation `Aristeu2020' on page 49 undefined on input line 221.



[49 <./imagens/invariantes - n - 2.png>]

LaTeX Warning: Reference `lid-diven-100-perfil' on page 50 undefined on input line 227.


LaTeX Warning: Reference `lid-diven-3200-perfil' on page 50 undefined on input line 227.

<imagens/lid_driven_Re100_u.png, id=504, 462.528pt x 346.896pt>
File: imagens/lid_driven_Re100_u.png Graphic file (type png)
<use imagens/lid_driven_Re100_u.png>
Package pdftex.def Info: imagens/lid_driven_Re100_u.png  used on input line 233.
(pdftex.def)             Requested size: 204.85846pt x 153.6457pt.
<imagens/lid_driven_Re100_v.png, id=505, 462.528pt x 346.896pt>
File: imagens/lid_driven_Re100_v.png Graphic file (type png)
<use imagens/lid_driven_Re100_v.png>
Package pdftex.def Info: imagens/lid_driven_Re100_v.png  used on input line 237.
(pdftex.def)             Requested size: 204.85846pt x 153.6457pt.
<imagens/lid_driven_Re400_u.png, id=506, 462.528pt x 346.896pt>
File: imagens/lid_driven_Re400_u.png Graphic file (type png)
<use imagens/lid_driven_Re400_u.png>
Package pdftex.def Info: imagens/lid_driven_Re400_u.png  used on input line 247.
(pdftex.def)             Requested size: 204.85846pt x 153.6457pt.
File: imagens/lid_driven_Re100_v.png Graphic file (type png)
<use imagens/lid_driven_Re100_v.png>
Package pdftex.def Info: imagens/lid_driven_Re100_v.png  used on input line 251.
(pdftex.def)             Requested size: 204.85846pt x 153.6457pt.
<imagens/lid_driven_Re1000_u.png, id=507, 462.528pt x 346.896pt>
File: imagens/lid_driven_Re1000_u.png Graphic file (type png)
<use imagens/lid_driven_Re1000_u.png>
Package pdftex.def Info: imagens/lid_driven_Re1000_u.png  used on input line 262.
(pdftex.def)             Requested size: 204.85846pt x 153.6457pt.
<imagens/lid_driven_Re1000_v.png, id=508, 462.528pt x 346.896pt>
File: imagens/lid_driven_Re1000_v.png Graphic file (type png)
<use imagens/lid_driven_Re1000_v.png>
Package pdftex.def Info: imagens/lid_driven_Re1000_v.png  used on input line 266.
(pdftex.def)             Requested size: 204.85846pt x 153.6457pt.
<imagens/lid_driven_Re3200_u.png, id=509, 462.528pt x 346.896pt>
File: imagens/lid_driven_Re3200_u.png Graphic file (type png)
<use imagens/lid_driven_Re3200_u.png>
Package pdftex.def Info: imagens/lid_driven_Re3200_u.png  used on input line 277.
(pdftex.def)             Requested size: 204.85846pt x 153.6457pt.
<imagens/lid_driven_Re3200_v.png, id=510, 462.528pt x 346.896pt>
File: imagens/lid_driven_Re3200_v.png Graphic file (type png)
<use imagens/lid_driven_Re3200_v.png>
Package pdftex.def Info: imagens/lid_driven_Re3200_v.png  used on input line 281.
(pdftex.def)             Requested size: 204.85846pt x 153.6457pt.

Package natbib Warning: Citation `Ghia1982' on page 50 undefined on input line 286.



[50 <./imagens/invariantes - n - 0.5.png> <./imagens/lid_driven_Re100_u.png> <./imagens/lid_driven_Re100_v.png>]

Package natbib Warning: Citation `Ghia1982' on page 51 undefined on input line 288.


LaTeX Warning: Reference `lid-diven-3200-streamline' on page 51 undefined on input line 290.


Package natbib Warning: Citation `Ghia1982' on page 51 undefined on input line 290.

<imagens/lid_driven_Re3200_streamLine_menor.png, id=523, 1242.6425pt x 989.6975pt>
File: imagens/lid_driven_Re3200_streamLine_menor.png Graphic file (type png)
<use imagens/lid_driven_Re3200_streamLine_menor.png>
Package pdftex.def Info: imagens/lid_driven_Re3200_streamLine_menor.png  used on input line 296.
(pdftex.def)             Requested size: 227.62206pt x 181.27898pt.
<imagens/ghia-3200.png, id=524, 316.93407pt x 322.95656pt>
File: imagens/ghia-3200.png Graphic file (type png)
<use imagens/ghia-3200.png>
Package pdftex.def Info: imagens/ghia-3200.png  used on input line 300.
(pdftex.def)             Requested size: 182.09486pt x 185.5606pt.

Package natbib Warning: Citation `Ghia1982' on page 51 undefined on input line 300.


Package natbib Warning: Citation `Ghia1982' on page 51 undefined on input line 300.



[51 <./imagens/lid_driven_Re400_u.png> <./imagens/lid_driven_Re1000_u.png> <./imagens/lid_driven_Re1000_v.png>]

Package natbib Warning: Citation `Ghia1982' on page 52 undefined on input line 307.


Underfull \vbox (badness 4279) has occurred while \output is active []



[52 <./imagens/lid_driven_Re3200_u.png> <./imagens/lid_driven_Re3200_v.png> <./imagens/lid_driven_Re3200_streamLine_menor.png (PNG copy)> <./imagens/ghia-3200.png>]

Package natbib Warning: Citation `Santos2022' on page 53 undefined on input line 311.


LaTeX Warning: Reference `isotermas - autor - p1' on page 53 undefined on input line 311.


LaTeX Warning: Reference `isotermas - autor - p2' on page 53 undefined on input line 311.


LaTeX Warning: Reference `isotermas - referencias' on page 53 undefined on input line 311.


Package natbib Warning: Citation `Santos2022' on page 53 undefined on input line 311.

<imagens/thermal_cavity_Ra1e3_isotherma.png, id=552, 462.528pt x 346.896pt>
File: imagens/thermal_cavity_Ra1e3_isotherma.png Graphic file (type png)
<use imagens/thermal_cavity_Ra1e3_isotherma.png>
Package pdftex.def Info: imagens/thermal_cavity_Ra1e3_isotherma.png  used on input line 317.
(pdftex.def)             Requested size: 191.20169pt x 143.40337pt.
<imagens/thermal_cavity_Ra1e4_isotherma.png, id=553, 462.528pt x 346.896pt>
File: imagens/thermal_cavity_Ra1e4_isotherma.png Graphic file (type png)
<use imagens/thermal_cavity_Ra1e4_isotherma.png>
Package pdftex.def Info: imagens/thermal_cavity_Ra1e4_isotherma.png  used on input line 321.
(pdftex.def)             Requested size: 191.20169pt x 143.40337pt.
<imagens/thermal_cavity_Ra1e5_isotherma.png, id=554, 462.528pt x 346.896pt>
File: imagens/thermal_cavity_Ra1e5_isotherma.png Graphic file (type png)
<use imagens/thermal_cavity_Ra1e5_isotherma.png>
Package pdftex.def Info: imagens/thermal_cavity_Ra1e5_isotherma.png  used on input line 332.
(pdftex.def)             Requested size: 191.20169pt x 143.40337pt.
<imagens/thermal_cavity_Ra1e6_isotherma.png, id=555, 462.528pt x 346.896pt>
File: imagens/thermal_cavity_Ra1e6_isotherma.png Graphic file (type png)
<use imagens/thermal_cavity_Ra1e6_isotherma.png>
Package pdftex.def Info: imagens/thermal_cavity_Ra1e6_isotherma.png  used on input line 336.
(pdftex.def)             Requested size: 191.20169pt x 143.40337pt.
<imagens/isotermas-referencias.png, id=556, 1014.79124pt x 229.60782pt>
File: imagens/isotermas-referencias.png Graphic file (type png)
<use imagens/isotermas-referencias.png>
Package pdftex.def Info: imagens/isotermas-referencias.png  used on input line 346.
(pdftex.def)             Requested size: 318.66948pt x 72.10262pt.

Package natbib Warning: Citation `Santos2022' on page 53 undefined on input line 347.


Package natbib Warning: Citation `Santos2022' on page 53 undefined on input line 347.


Package natbib Warning: Citation `Santos2022' on page 53 undefined on input line 349.



[53 <./imagens/thermal_cavity_Ra1e3_isotherma.png> <./imagens/thermal_cavity_Ra1e4_isotherma.png> <./imagens/thermal_cavity_Ra1e5_isotherma.png> <./imagens/thermal_cavity_Ra1e6_isotherma.png>]

Package natbib Warning: Citation `Gangawane2015' on page 54 undefined on input line 360.


LaTeX Warning: Reference `streamline-thermal-autor' on page 54 undefined on input line 360.


LaTeX Warning: Reference `streamline-thermal-referencia' on page 54 undefined on input line 360.


Package natbib Warning: Citation `Gangawane2015' on page 54 undefined on input line 360.

<imagens/Thermal_cavity_Ra1e4_streamLine.png, id=572, 462.528pt x 346.896pt>
File: imagens/Thermal_cavity_Ra1e4_streamLine.png Graphic file (type png)
<use imagens/Thermal_cavity_Ra1e4_streamLine.png>
Package pdftex.def Info: imagens/Thermal_cavity_Ra1e4_streamLine.png  used on input line 366.
(pdftex.def)             Requested size: 204.85846pt x 153.6457pt.
<imagens/Thermal_cavity_Ra1e5_streamLine.png, id=573, 462.528pt x 346.896pt>
File: imagens/Thermal_cavity_Ra1e5_streamLine.png Graphic file (type png)
<use imagens/Thermal_cavity_Ra1e5_streamLine.png>
Package pdftex.def Info: imagens/Thermal_cavity_Ra1e5_streamLine.png  used on input line 370.
(pdftex.def)             Requested size: 204.85846pt x 153.6457pt.
<imagens/linhas_de_fluxo_referencia.png, id=574, 450.9347pt x 205.5178pt>
File: imagens/linhas_de_fluxo_referencia.png Graphic file (type png)
<use imagens/linhas_de_fluxo_referencia.png>
Package pdftex.def Info: imagens/linhas_de_fluxo_referencia.png  used on input line 377.
(pdftex.def)             Requested size: 318.66948pt x 145.24443pt.

Package natbib Warning: Citation `Gangawane2015' on page 54 undefined on input line 378.


Package natbib Warning: Citation `Gangawane2015' on page 54 undefined on input line 378.


Package natbib Warning: Citation `Gangawane2015' on page 54 undefined on input line 380.


Underfull \vbox (badness 10000) has occurred while \output is active []



[54 <./imagens/isotermas-referencias.png> <./imagens/Thermal_cavity_Ra1e4_streamLine.png> <./imagens/Thermal_cavity_Ra1e5_streamLine.png>]

Package natbib Warning: Citation `Gangawane2015' on page 55 undefined on input line 383.

) (textual/conclusao.tex

[55 <./imagens/linhas_de_fluxo_referencia.png>]
Cap\'{\i }tulo 7.

Package natbib Warning: Citation `Bird1987' on page 56 undefined on input line 9.


Package natbib Warning: Citation `Aristeu2020' on page 56 undefined on input line 9.

)

[56

] (principal.bbl) (postextual/apendice1.tex
Ap\^endice A.

LaTeX Warning: Reference `momentum-completa' on page 57 undefined on input line 10.


Underfull \vbox (badness 10000) has occurred while \output is active []



[57

]
Underfull \vbox (badness 10000) has occurred while \output is active []



[58]

LaTeX Warning: Reference `poiseuille-luiz-temporario' on page 59 undefined on input line 59.

<imagens/poiseuille-luiz.png, id=612, 1535.7375pt x 712.6625pt>
File: imagens/poiseuille-luiz.png Graphic file (type png)
<use imagens/poiseuille-luiz.png>
Package pdftex.def Info: imagens/poiseuille-luiz.png  used on input line 63.
(pdftex.def)             Requested size: 295.90588pt x 137.31029pt.

Package natbib Warning: Citation `Vasconcellos2024' on page 59 undefined on input line 66.


Underfull \vbox (badness 10000) has occurred while \output is active []



[59 <./imagens/poiseuille-luiz.png (PNG copy)>]

[60]) (postextual/apendice2.tex

[61]
Ap\^endice B.
LaTeX Font Info:    Trying to load font information for T1+pcr on input line 16.
(D:\miktex\tex/latex/psnfss\t1pcr.fd
File: t1pcr.fd 2001/06/04 font definitions for T1/pcr.
)
LaTeX Font Info:    Font shape `T1/pcr/m/it' in size <10.95> not available
(Font)              Font shape `T1/pcr/m/sl' tried instead on input line 18.

Underfull \vbox (badness 4316) has occurred while \output is active []



[62

]
Underfull \vbox (badness 10000) has occurred while \output is active []



[63]
Underfull \vbox (badness 10000) has occurred while \output is active []



[64]
Underfull \vbox (badness 10000) has occurred while \output is active []



[65]
Underfull \vbox (badness 10000) has occurred while \output is active []



[66]
Underfull \vbox (badness 10000) has occurred while \output is active []



[67]
Underfull \vbox (badness 10000) has occurred while \output is active []



[68]
Underfull \vbox (badness 10000) has occurred while \output is active []



[69]
Underfull \vbox (badness 10000) has occurred while \output is active []



[70]
Underfull \vbox (badness 10000) has occurred while \output is active []



[71]
Underfull \vbox (badness 10000) has occurred while \output is active []



[72]
Underfull \vbox (badness 10000) has occurred while \output is active []



[73]
Underfull \vbox (badness 10000) has occurred while \output is active []



[74]
Underfull \vbox (badness 10000) has occurred while \output is active []



[75]
Underfull \vbox (badness 10000) has occurred while \output is active []



[76]
Underfull \vbox (badness 10000) has occurred while \output is active []



[77]
Underfull \vbox (badness 10000) has occurred while \output is active []



[78]
Underfull \vbox (badness 10000) has occurred while \output is active []



[79]
Underfull \vbox (badness 10000) has occurred while \output is active []



[80])

Package natbib Warning: There were undefined citations.



[81] (principal.aux)
 ***********
LaTeX2e <2024-11-01> patch level 2
L3 programming layer <2025-04-29>
 ***********


LaTeX Warning: There were undefined references.


LaTeX Warning: Label(s) may have changed. Rerun to get cross-references right.


Package rerunfilecheck Warning: File `principal.out' has changed.
(rerunfilecheck)                Rerun to get outlines right
(rerunfilecheck)                or use package `bookmark'.

Package rerunfilecheck Info: Checksums for `principal.out':
(rerunfilecheck)             Before: <no file>
(rerunfilecheck)             After:  3834D094CCB00848A819831FDD21EFF2;8693.
 ) 
Here is how much of TeX's memory you used:
 45866 strings out of 469922
 893387 string characters out of 5485985
 1708386 words of memory out of 5000000
 70810 multiletter control sequences out of 15000+600000
 716630 words of font info for 184 fonts, out of 8000000 for 9000
 1141 hyphenation exceptions out of 8191
 125i,18n,147p,1035b,2915s stack positions out of 10000i,1000n,20000p,200000b,200000s
 <C:\Users\luise\AppData\Local\MiKTeX\fonts/pk/ljfour/public/esint/dpi720\esint10.pk><D:/miktex/fonts/type1/public/amsfonts/cm/cmex10.pfb><D:/miktex/fonts/type1/public/amsfonts/cm/cmmi10.pfb><D:/miktex/fonts/type1/public/amsfonts/cm/cmmi12.pfb><D:/miktex/fonts/type1/public/amsfonts/cm/cmmi6.pfb><D:/miktex/fonts/type1/public/amsfonts/cm/cmmi7.pfb><D:/miktex/fonts/type1/public/amsfonts/cm/cmmi8.pfb><D:/miktex/fonts/type1/public/amsfonts/cm/cmmib10.pfb><D:/miktex/fonts/type1/public/amsfonts/cm/cmr10.pfb><D:/miktex/fonts/type1/public/amsfonts/cm/cmr12.pfb><D:/miktex/fonts/type1/public/amsfonts/cm/cmr17.pfb><D:/miktex/fonts/type1/public/amsfonts/cm/cmr6.pfb><D:/miktex/fonts/type1/public/amsfonts/cm/cmr7.pfb><D:/miktex/fonts/type1/public/amsfonts/cm/cmr8.pfb><D:/miktex/fonts/type1/public/amsfonts/cm/cmsy10.pfb><D:/miktex/fonts/type1/public/amsfonts/cm/cmsy6.pfb><D:/miktex/fonts/type1/public/amsfonts/cm/cmsy7.pfb><D:/miktex/fonts/type1/public/amsfonts/cm/cmsy8.pfb><D:/miktex/fonts/type1/urw/courier/ucrb8a.pfb><D:/miktex/fonts/type1/urw/courier/ucrr8a.pfb><D:/miktex/fonts/type1/urw/courier/ucrro8a.pfb><D:/miktex/fonts/type1/urw/times/utmb8a.pfb><D:/miktex/fonts/type1/urw/times/utmr8a.pfb><D:/miktex/fonts/type1/urw/times/utmri8a.pfb>
Output written on principal.pdf (91 pages, 10065355 bytes).
PDF statistics:
 1666 PDF objects out of 1728 (max. 8388607)
 965 named destinations out of 1000 (max. 500000)
 253 words of extra memory for PDF output out of 10000 (max. 10000000)

